frame,time_ms,fps,node_count,draw_calls,rendered_objects,primitives,queue_size,loaded_cells,async_requests,cam_x,cam_y,cam_z,memory_static,segment,mid_instances,mid_mesh_types,vram_mb,texture_mem_mb,promoted_objects
0,143.34,1.0,35,0,0,0,0,0,0,-175.5,100.0,994.7,1350457779,0,0,0,0.0,0.0,0
1,135.69,1.0,35,4,79,29880,0,0,0,-175.5,100.0,994.7,1361182036,0,0,0,245.3,199.0,0
2,125.96,1.0,37,4,79,29880,15,0,2,-175.5,100.0,994.7,1392257284,0,0,0,279.6,227.4,0
3,129.43,1.0,37,4,80,29882,501,0,2,-175.5,100.0,994.7,1425434784,0,25,14,315.0,259.1,0
4,97.54,1.0,84,13,90,33397,486,0,2,-175.5,100.0,994.7,1435315051,0,40,24,320.6,264.7,0
5,59.87,1.0,196,24,101,37123,482,0,2,-175.5,100.0,994.7,1442466807,0,44,27,325.8,269.8,0
6,67.85,1.0,253,34,112,38200,476,0,2,-175.5,100.0,994.7,1453779620,0,50,31,330.3,274.3,0
7,60.62,1.0,289,39,117,38500,461,0,2,-175.5,100.0,994.7,1465070180,0,65,36,335.2,279.2,0
8,46.62,6.0,361,49,127,39718,455,0,2,-175.5,100.0,994.7,1470218326,0,71,40,340.8,284.8,0
9,56.25,6.0,405,52,130,39970,446,0,2,-175.5,100.0,994.7,1477006020,0,74,42,345.1,289.2,0
10,44.89,6.0,469,52,130,39970,430,0,2,-175.5,100.0,994.7,1481764624,0,90,42,348.9,293.0,0
11,72.08,6.0,586,67,149,45168,428,0,2,-175.5,100.0,994.7,1490931844,0,92,44,353.1,297.2,0
12,52.68,6.0,625,79,161,45632,425,0,2,-175.5,100.0,994.7,1497588292,0,95,46,355.3,299.4,0
13,40.23,6.0,662,87,171,46042,420,0,2,-175.5,100.0,994.7,1502216521,0,99,49,358.4,302.4,0
14,71.92,6.0,706,98,183,46561,416,0,2,-175.5,100.0,994.7,1513118054,0,102,51,360.3,304.4,0
15,44.24,6.0,751,112,197,47098,412,0,2,-175.5,100.0,994.7,1517982506,0,106,51,365.1,309.2,0
16,44.51,6.0,786,119,205,47389,408,0,2,-175.5,100.0,994.7,1522262995,0,110,52,367.4,311.4,0
17,38.44,6.0,818,125,215,47750,405,0,2,-175.5,100.0,994.7,1526837643,0,112,53,369.3,313.3,0
18,42.40,6.0,854,136,226,48144,401,0,2,-175.5,100.0,994.7,1531550770,0,116,53,371.4,315.4,0
19,36.58,6.0,894,146,240,48603,398,0,2,-175.5,100.0,994.7,1533735695,0,119,55,373.3,317.4,0
20,36.28,6.0,928,153,251,48980,395,0,2,-175.5,100.0,994.7,1534232243,0,122,56,375.3,319.4,0
21,45.31,6.0,969,151,263,49527,392,0,2,-175.5,100.0,994.7,1538900337,0,125,58,375.3,319.4,0
22,38.32,6.0,990,158,270,49739,390,0,2,-175.5,100.0,994.7,1543317699,0,127,58,376.4,320.4,0
23,40.54,6.0,1032,161,279,50367,386,0,2,-175.5,100.0,994.7,1547897607,0,131,59,378.5,322.6,0
24,42.25,6.0,1088,170,294,51705,383,0,2,-175.5,100.0,994.7,1552589075,0,133,60,382.1,326.1,0
25,36.89,6.0,1130,172,307,52361,378,0,2,-175.5,100.0,994.7,1555114503,0,138,62,383.4,327.5,0
26,34.64,6.0,1219,180,319,55063,376,0,2,-175.5,100.0,994.7,1555711023,0,140,62,385.4,329.4,0
27,72.80,6.0,1260,183,331,55608,373,0,2,-175.5,100.0,994.7,1567320824,0,143,63,384.4,328.5,0
28,36.82,6.0,1322,186,343,56966,371,0,2,-175.5,100.0,994.7,1569482083,0,145,64,388.6,332.6,0
29,33.72,21.0,1366,189,353,57648,370,0,2,-175.5,100.0,994.7,1574107075,0,146,65,391.9,336.0,0
30,51.02,21.0,1399,199,364,58190,366,0,2,-175.5,100.0,994.7,1578768829,0,150,66,391.2,335.3,0
31,49.76,21.0,1471,197,377,59427,361,0,2,-175.5,100.0,994.7,1583434798,0,155,68,396.3,340.3,0
32,39.36,21.0,1504,195,382,60363,355,0,2,-175.5,100.0,994.7,1587861118,0,160,69,395.3,339.4,0
33,38.88,21.0,1528,194,390,60763,351,0,2,-175.5,100.0,994.7,1588313066,0,160,69,397.4,341.4,0
34,66.75,21.0,1561,200,400,61403,347,0,2,-175.5,100.0,994.7,1597329354,0,162,69,397.4,341.5,0
35,53.33,21.0,1605,211,411,61953,343,0,2,-175.5,100.0,994.7,1604280576,0,165,71,401.6,345.6,0
36,50.93,21.0,1655,222,431,65067,339,0,2,-175.5,100.0,994.7,1611218686,0,169,74,406.8,350.8,0
37,57.44,21.0,1693,228,441,66089,333,0,2,-175.5,100.0,994.7,1617678782,0,175,77,408.2,352.2,0
38,48.45,21.0,1733,237,452,66955,327,0,2,-175.5,100.0,994.7,1622426857,0,181,77,411.2,355.2,0
39,51.45,21.0,1785,250,466,67653,321,0,2,-175.5,100.0,994.7,1627660134,0,187,78,412.8,356.8,0
40,42.12,21.0,1829,255,476,68361,316,0,2,-175.5,100.0,994.7,1632252362,0,192,81,414.8,358.8,0
41,41.57,21.0,1870,260,483,69472,310,0,2,-175.5,100.0,994.7,1634714810,0,198,83,416.8,360.8,0
42,41.59,21.0,1904,267,490,70135,303,0,2,-175.5,100.0,994.7,1637278733,0,204,87,418.2,362.2,0
43,111.80,21.0,1942,273,500,70716,296,0,2,-175.5,100.0,994.7,1659181456,0,211,89,419.2,363.2,0
44,45.88,21.0,1980,276,518,71350,291,0,2,-175.5,100.0,994.7,1663479238,0,216,89,423.7,367.7,0
45,38.83,21.0,2021,285,532,72001,284,0,2,-175.5,100.0,994.7,1664005646,0,223,90,428.5,372.6,0
46,37.97,21.0,2059,298,550,72357,279,0,2,-175.5,100.0,994.7,1664482562,0,228,90,430.7,374.7,0
47,43.62,21.0,2095,306,560,72701,273,0,2,-175.5,100.0,994.7,1669058738,0,234,90,431.2,375.2,0
48,37.36,21.0,2143,310,569,73741,265,0,2,-175.5,100.0,994.7,1671561730,0,242,90,433.2,377.2,0
49,34.73,20.0,2192,318,580,74579,259,0,2,-175.5,100.0,994.7,1672074546,0,247,91,433.8,377.8,0
50,41.68,20.0,2232,322,584,74901,252,0,2,-175.5,100.0,994.7,1676813936,0,253,91,433.5,377.6,0
51,37.99,20.0,2283,334,596,78755,246,0,2,-175.5,100.0,994.7,1679204142,0,258,92,435.5,379.6,0
52,51.21,20.0,2323,333,601,79329,241,0,2,-175.5,100.0,994.7,1684042886,0,263,92,436.8,380.8,0
53,44.76,20.0,2375,330,612,80493,234,0,2,-175.5,100.0,994.7,1688623506,0,270,94,438.8,382.8,0
54,60.85,20.0,2418,333,621,81177,228,0,2,-175.5,100.0,994.7,1697509602,0,275,94,441.2,385.2,0
55,40.05,20.0,2469,325,634,81848,221,0,2,-175.5,100.0,994.7,1698067898,1,282,94,445.2,389.2,0
56,89.84,20.0,35,63,218,36570,0,0,0,-175.5,150.0,1794.7,1692927378,1,282,94,444.5,388.5,0
57,128.52,20.0,35,4,84,29890,0,0,0,-175.5,150.0,1794.0,1689976174,1,0,94,445.5,389.5,0
58,43.09,20.0,35,4,84,29890,0,0,0,-175.5,149.7,1790.3,1692269631,1,0,94,445.5,389.5,0
59,34.34,20.0,37,4,83,29888,0,0,2,-175.5,149.6,1788.4,1700886156,1,0,94,445.5,389.5,0
60,42.74,20.0,39,4,83,29888,0,2,2,-175.5,149.5,1786.7,1707523391,1,0,94,450.5,394.5,0
61,97.76,20.0,41,4,83,29888,0,4,2,-175.5,149.3,1784.2,1726830685,1,0,94,452.5,396.5,0
62,24.56,20.0,43,4,83,29888,20,6,2,-175.5,148.9,1777.5,1729680622,1,0,94,460.1,404.0,0
63,68.14,20.0,49,4,84,29890,74,8,1,-175.5,148.8,1775.6,1735614953,1,47,104,465.8,409.5,0
64,43.15,20.0,53,4,84,29890,24,8,3,-175.5,148.4,1769.8,1742627598,1,96,106,468.7,412.4,0
65,24.60,20.0,57,4,84,29890,135,10,3,-175.5,148.2,1765.7,1745196030,1,119,108,471.7,415.4,0
66,24.22,20.0,63,39,182,37671,85,12,3,-175.5,148.0,1763.3,1745996410,1,167,108,472.7,416.4,0
67,34.45,20.0,71,53,201,39796,132,14,3,-175.5,147.9,1760.8,1751446901,1,214,108,473.0,416.8,0
68,42.24,20.0,79,52,200,39606,83,16,4,-175.5,147.6,1757.1,1758647031,1,261,109,475.4,419.1,0
69,45.82,20.0,83,57,207,39768,33,18,2,-175.5,147.4,1752.4,1761396833,1,309,109,478.0,421.8,0
70,25.38,20.0,87,58,219,40580,145,18,3,-175.5,147.0,1746.9,1763896602,1,341,109,479.0,422.8,0
71,24.00,20.0,95,66,318,48716,95,20,3,-175.5,146.8,1743.8,1767216102,1,388,109,480.0,423.8,0
72,24.77,20.0,103,72,411,58345,68,22,3,-175.5,146.6,1740.8,1769830978,1,435,109,481.0,424.8,0
73,43.40,20.0,107,88,514,68801,167,24,4,-175.5,146.4,1737.6,1778547226,1,484,109,485.6,429.0,0
74,57.63,20.0,109,95,494,67942,134,26,2,-175.5,146.1,1731.7,1784306398,1,533,120,488.9,432.3,0
75,41.19,20.0,123,90,487,67078,140,26,4,-175.5,145.6,1723.6,1792228094,1,577,120,499.3,442.3,0
76,124.16,20.0,123,106,453,64499,355,28,3,-175.5,145.2,1717.6,1804351750,1,627,132,530.7,472.5,0
77,46.06,20.0,125,122,541,67802,605,28,5,-175.5,144.0,1698.2,1813683118,1,677,139,535.1,476.7,0
78,48.18,20.0,125,120,520,65820,580,28,5,-175.5,143.5,1690.6,1817724690,1,727,149,537.3,478.9,0
79,42.49,20.0,130,147,603,73960,530,28,6,-175.5,143.0,1682.4,1822558882,1,775,149,538.1,479.7,0
80,49.47,20.0,132,148,631,78493,480,31,5,-175.5,142.5,1675.0,1831783934,1,824,149,540.1,481.7,0
81,29.15,20.0,138,139,666,82726,430,31,5,-175.5,142.0,1666.1,1832742482,1,871,149,544.1,485.7,0
82,31.10,20.0,140,141,729,90304,380,31,4,-175.5,141.6,1660.7,1810749420,1,920,149,544.1,485.7,0
83,48.19,20.0,176,175,760,93612,368,31,4,-175.5,141.3,1655.0,1780934961,1,930,155,544.5,486.0,0
84,37.03,20.0,230,197,781,97017,353,31,4,-175.5,140.7,1645.8,1784710914,1,942,159,547.5,489.0,0
85,43.42,20.0,284,181,697,92115,343,31,4,-175.5,140.2,1638.7,1787916552,1,949,161,548.5,490.0,0
86,79.64,20.0,338,153,602,82908,334,31,4,-175.5,139.7,1630.1,1796597596,1,955,162,549.5,491.0,0
87,40.92,18.0,392,138,576,81674,324,31,4,-175.5,138.7,1614.1,1799554078,1,962,162,553.5,495.0,0
88,37.10,18.0,432,132,576,79059,284,31,4,-175.5,138.2,1605.6,1802899634,1,998,164,554.5,496.0,0
89,40.87,18.0,488,115,562,79728,246,31,4,-175.5,137.7,1597.9,1806176302,1,1032,164,555.5,497.0,0
90,40.47,18.0,542,104,564,78637,220,31,3,-175.5,137.2,1589.3,1806924586,1,1055,167,556.5,498.0,0
91,40.72,18.0,596,101,565,77981,193,31,3,-175.5,136.6,1580.6,1809920778,1,1079,172,556.5,498.0,0
92,52.27,18.0,652,95,532,74352,168,31,3,-175.5,136.1,1571.8,1814887106,1,1100,172,557.5,499.0,0
93,75.77,18.0,690,99,553,73510,121,31,3,-175.5,135.3,1560.3,1824554266,1,1144,174,559.5,501.0,0
94,35.26,18.0,692,90,544,72304,186,31,4,-175.5,134.3,1543.4,1830022486,1,1194,174,563.6,505.1,0
95,35.14,18.0,698,100,597,76879,304,31,6,-175.5,133.8,1535.5,1834689222,1,1242,176,573.4,514.6,0
96,85.70,18.0,702,169,663,89119,277,35,4,-175.5,133.3,1527.5,1841695986,1,1290,193,575.1,516.0,0
97,60.50,18.0,719,182,675,93284,227,34,4,-175.5,132.1,1507.8,1846942294,1,1331,195,576.0,516.9,0
98,44.44,18.0,721,175,678,102202,491,34,6,-175.5,131.2,1493.8,1854300762,1,1381,195,582.7,523.0,0
99,82.50,18.0,749,166,659,99536,483,34,6,-175.5,130.5,1483.4,1860468358,1,1409,211,587.9,528.0,0
100,31.06,18.0,763,181,638,100751,433,34,6,-175.5,129.3,1463.9,1865616594,1,1452,211,589.8,529.9,0
101,97.92,18.0,768,209,702,110372,383,34,6,-175.5,128.9,1456.6,1881445804,1,1502,211,592.5,532.6,1
102,33.33,18.0,768,314,854,128304,333,34,6,-175.5,127.4,1433.2,1886306895,1,1552,211,596.8,536.9,1
103,58.97,18.0,777,362,925,140714,283,34,6,-175.5,126.9,1425.3,1896579609,1,1600,211,601.5,541.6,2
104,83.68,18.0,781,359,1024,148390,233,34,6,-175.5,126.0,1411.1,1916585119,1,1648,211,604.8,544.9,2
105,77.25,18.0,786,330,1090,154692,183,33,5,-175.5,124.8,1391.1,1925793975,1,1694,211,608.8,548.9,2
106,29.91,18.0,795,256,1017,140418,287,33,6,-175.5,123.6,1372.5,1928976999,1,1740,211,614.8,554.9,2
107,31.16,18.0,812,269,1060,144455,237,34,5,-175.5,123.2,1365.4,1932500770,1,1787,211,619.5,559.6,3
108,32.27,18.0,819,289,1110,151482,320,34,6,-175.5,122.7,1357.9,1937412275,1,1834,211,619.8,559.9,3
109,54.56,18.0,828,286,1178,157650,270,34,6,-175.5,122.2,1350.2,1946683533,1,1882,211,622.5,562.6,4
110,25.36,18.0,838,297,1218,157071,220,34,6,-175.5,121.4,1337.2,1947589307,1,1927,211,625.8,565.9,4
111,82.02,18.0,851,311,1283,164475,170,34,6,-175.5,121.0,1331.2,1965547147,1,1973,211,626.5,566.6,5
112,29.03,18.0,852,288,1296,164846,223,35,6,-175.5,119.8,1311.8,1968735079,1,2023,211,630.8,570.9,5
113,46.39,18.0,892,318,1198,161913,173,36,5,-175.5,119.4,1305.0,1971981459,1,2069,211,635.2,575.2,5
114,36.48,18.0,898,327,1215,165221,738,36,6,-175.5,118.7,1294.1,1973786019,1,2117,211,636.8,576.8,5
115,126.71,18.0,885,320,1221,157084,693,35,6,-175.5,118.2,1285.6,1980252687,1,2074,215,1161.0,1101.1,5
116,37.94,18.0,905,312,1268,157713,643,35,6,-175.5,116.4,1256.6,1987719181,1,2122,219,1162.3,1102.3,5
117,30.93,18.0,910,306,1235,147517,593,35,6,-175.5,115.8,1248.0,1990319715,1,2172,220,1164.6,1104.6,6
118,55.61,18.0,910,311,1264,153347,543,35,6,-175.5,115.4,1241.1,1999549083,1,2222,220,1164.9,1105.0,6
119,67.20,18.0,921,357,1271,154283,493,35,6,-175.5,114.6,1228.7,2009284403,1,2272,225,1169.6,1109.6,7
120,55.35,18.0,957,414,1305,150522,462,35,6,-175.5,113.7,1214.0,2013265380,1,2301,230,1173.3,1113.3,7
121,37.96,16.0,1011,396,1286,147881,459,35,6,-175.5,113.0,1202.1,2015754396,1,2301,230,1174.3,1114.3,7
122,65.93,16.0,1019,522,1469,174649,403,35,6,-175.5,112.5,1194.1,2026221724,1,2347,234,1174.9,1115.0,7
123,48.54,16.0,1019,597,1586,187195,353,35,5,-175.5,111.6,1180.3,2033317250,1,2397,234,1178.9,1119.0,7
124,36.44,16.0,1022,707,1651,195161,462,35,6,-175.5,111.0,1170.4,2038507074,1,2446,234,1181.9,1122.0,7
125,111.18,16.0,1015,710,1691,198126,390,31,5,-175.5,110.5,1163.0,2045333278,1,2485,234,1183.9,1124.0,7
126,39.88,16.0,1015,656,1562,197721,340,31,5,-175.5,109.2,1141.3,2047244074,1,2279,234,1186.9,1127.0,7
127,41.56,16.0,1021,911,1844,223338,290,31,5,-175.5,108.7,1133.8,2052489942,1,2329,234,1189.0,1129.0,8
128,39.77,16.0,1028,964,1926,228111,454,31,6,-175.5,108.2,1126.1,2057688154,1,2376,234,1191.0,1131.0,8
129,39.59,16.0,1064,996,2004,225302,448,32,5,-175.5,107.8,1118.9,2060128634,1,2385,234,1193.3,1133.4,8
130,34.06,16.0,1077,1102,2222,231934,622,32,6,-175.5,107.3,1111.9,2061371718,1,2435,234,1194.8,1134.7,20
131,30.13,16.0,1093,1069,2279,236474,574,32,6,-175.5,106.9,1105.9,2066308866,1,2477,236,1195.0,1134.9,20
132,37.45,16.0,1093,1049,2361,247801,524,32,6,-175.5,106.6,1100.8,2071269882,1,2527,236,1196.8,1136.7,20
133,78.10,16.0,1187,1035,2370,253286,520,32,6,-175.5,106.2,1094.5,2082480698,1,2530,236,1201.0,1140.9,20
134,50.55,16.0,1229,1032,2180,235193,513,32,6,-175.5,105.5,1082.0,2085254086,1,2536,236,1204.1,1144.0,20
135,36.39,16.0,1273,928,2062,222821,508,32,6,-175.5,105.0,1074.2,2087741914,1,2540,236,1205.1,1145.0,20
136,35.27,16.0,1284,871,2015,220555,458,32,6,-175.5,104.6,1068.8,2092710670,1,2588,236,1205.8,1145.8,33
137,31.89,16.0,1296,882,2080,226980,408,32,6,-175.5,104.3,1063.7,2095692274,1,2635,236,1207.9,1147.8,34
138,25.92,16.0,1298,898,2084,229580,358,32,6,-175.5,104.0,1059.2,2096600670,1,2684,236,1208.8,1148.7,34
139,39.10,16.0,1304,937,2150,235500,308,32,6,-175.5,103.8,1055.7,2099647826,1,2734,236,1208.9,1148.8,35
140,104.68,16.0,745,944,2187,243379,209,26,4,-175.5,103.5,1050.5,2111092310,1,2784,236,1209.8,1149.7,35
141,35.81,16.0,745,957,2216,248921,159,26,4,-175.5,102.7,1037.6,2108267470,1,2592,236,1214.8,1154.7,35
142,38.87,21.0,753,890,2028,237356,464,26,5,-175.5,102.4,1033.6,2110624954,1,2510,236,1218.8,1158.6,35
143,55.61,21.0,755,896,2062,239749,441,26,5,-175.5,102.2,1029.4,2115819830,1,2559,236,1219.9,1159.7,35
144,38.13,21.0,758,901,2087,247663,557,26,6,-175.5,101.8,1023.7,2121045154,1,2608,236,1222.7,1162.5,35
145,39.62,21.0,758,891,2082,247026,511,26,6,-175.5,101.6,1020.1,2125674246,1,2658,240,1225.9,1165.6,36
146,25.45,21.0,758,871,2054,246434,461,26,6,-175.5,101.4,1016.6,2126316506,1,2708,240,1226.7,1166.5,36
147,30.30,21.0,766,861,2048,242591,411,26,6,-175.5,101.2,1014.5,2127133738,1,2757,244,1226.8,1166.6,37
148,34.60,21.0,766,879,2063,243293,360,26,6,-175.5,101.1,1012.1,2129993694,1,2807,244,1226.7,1166.5,37
149,30.98,21.0,772,906,2135,253720,309,29,5,-175.5,100.9,1009.5,2130652338,1,2857,244,1227.8,1167.5,38
150,28.05,21.0,775,889,2118,260826,411,29,6,-175.5,100.8,1007.4,2131667574,1,2906,246,1228.0,1167.7,38
151,124.50,21.0,797,883,2118,258013,362,29,6,-175.5,100.7,1005.6,2143056962,1,2948,247,1880.0,1819.7,39
152,49.37,21.0,797,864,2119,256703,312,29,6,-175.5,100.3,999.3,2149961450,1,2998,247,1361.0,1300.7,39
153,38.28,21.0,797,814,2077,254856,262,29,6,-175.5,100.2,997.5,2154616146,1,3048,247,1364.0,1303.7,39
154,51.65,21.0,799,813,2106,260401,212,29,6,-175.5,100.1,996.4,2163825222,1,3097,247,1366.0,1305.7,39
155,30.73,21.0,803,839,2155,268275,162,29,6,-175.5,100.0,995.4,2169236806,1,3146,250,1370.0,1309.7,39
156,34.43,21.0,805,836,2143,267423,337,30,6,-175.5,100.0,995.0,2175576152,1,3196,250,1377.2,1316.6,39
157,60.46,21.0,807,856,2170,273019,313,30,6,-175.5,100.0,994.8,2177571762,1,3245,261,1378.8,1318.2,39
158,26.41,21.0,809,856,2180,274600,263,30,6,-175.5,100.0,994.7,2178426134,2,3294,261,1378.6,1318.0,39
159,132.67,21.0,822,878,2237,279209,213,30,6,-175.3,100.0,994.7,2194254754,2,3343,261,2066.5,2005.9,39
160,34.59,18.0,826,583,1702,234576,163,30,6,-166.7,100.0,994.7,2195298666,2,3391,261,1417.6,1357.0,39
161,35.67,18.0,827,238,1013,150413,259,32,6,-162.6,100.0,994.7,2198308730,2,3441,261,1419.6,1359.0,39
162,23.65,18.0,837,259,1139,157142,209,32,6,-157.8,100.0,994.7,2199393658,2,3486,261,1420.6,1360.0,39
163,28.09,18.0,837,297,1238,172199,159,32,6,-154.3,100.0,994.7,2202539326,2,3536,261,1420.6,1360.0,39
164,26.81,18.0,838,308,1362,182843,201,33,6,-149.8,100.0,994.7,2204719946,2,3586,261,1424.2,1363.2,39
165,32.69,18.0,838,328,1421,194250,172,33,6,-145.1,100.0,994.7,2205788090,2,3636,266,1424.2,1363.2,39
166,24.15,18.0,840,341,1480,202563,122,33,6,-139.1,100.0,994.7,2206716818,2,3685,266,1424.2,1363.2,39
167,121.14,18.0,803,391,1581,213148,72,33,6,-134.4,100.0,994.7,2207676486,2,3732,266,2128.2,2067.2,39
168,58.27,18.0,801,397,1621,215701,22,32,4,-108.4,100.0,994.7,2208314026,2,3782,266,1442.2,1381.2,39
169,33.66,18.0,765,507,1982,262477,310,32,4,-94.8,100.0,994.7,2209727278,2,3804,266,1443.5,1382.5,39
170,37.02,18.0,765,509,2012,264141,284,34,2,-86.9,100.0,994.7,2210356106,2,3854,271,1443.7,1382.7,39
171,30.08,18.0,769,517,2101,277443,234,34,2,-78.0,100.0,994.7,2211169338,2,3903,271,1443.6,1382.6,39
172,34.24,18.0,771,534,2150,291373,432,34,4,-70.8,100.0,994.7,2213287742,2,3953,271,1449.2,1388.0,39
173,61.17,18.0,771,585,2289,299662,419,34,4,-62.6,100.0,994.7,2214822338,2,4003,271,1449.2,1388.0,39
174,32.20,18.0,785,721,2479,324990,369,34,4,-48.2,100.0,994.7,2217874288,2,4051,278,1449.3,1388.1,39
175,29.96,18.0,785,843,2714,354170,318,34,4,-40.8,100.0,994.7,2221150064,2,4101,279,1450.2,1389.0,39
176,40.98,18.0,789,888,2886,366910,676,34,6,-34.1,100.0,994.7,2229145896,2,4150,279,1459.2,1397.5,39
177,137.89,18.0,839,950,3161,389479,714,38,5,-25.3,100.0,994.7,2243733371,2,4150,279,1461.2,1399.4,39
178,92.51,18.0,847,925,3400,401906,664,36,5,0.7,100.0,994.7,2253242743,2,4199,292,1466.2,1404.4,39
179,47.61,18.0,855,930,3445,408316,614,36,5,13.7,100.0,994.7,2256135415,2,4247,292,1471.1,1409.4,39
180,38.05,18.0,861,1096,3588,430369,564,36,5,18.5,100.0,994.7,2257264599,2,4294,292,1471.9,1410.2,39
181,40.75,18.0,919,1165,3633,439541,524,36,5,21.5,100.0,994.7,2260224214,2,4329,292,1472.3,1410.6,39
182,31.67,18.0,921,1163,3630,436571,746,36,6,23.5,100.0,994.7,2261852154,2,4379,292,1479.5,1417.7,39
183,55.87,18.0,921,1156,3631,436532,720,36,6,24.3,100.0,994.7,2263533758,2,4429,292,1479.6,1417.9,39
184,27.00,18.0,923,1158,3629,436478,669,36,6,24.5,100.0,994.7,2264812970,2,4478,292,1479.5,1417.7,39
185,130.96,18.0,941,1152,3627,436180,618,36,6,24.4,100.0,994.9,2266435894,2,4527,294,2213.9,2152.1,39
186,35.74,18.0,943,1150,3629,436470,568,36,6,21.9,100.0,1000.9,2267372150,2,4576,294,1509.5,1447.7,39
187,32.80,18.0,951,1142,3618,437781,518,36,6,20.7,100.0,1003.9,2268375890,2,4624,294,1509.7,1447.9,39
188,25.81,18.0,953,1108,3597,433603,467,36,6,19.4,100.0,1007.0,2269387966,2,4673,294,1509.5,1447.7,39
189,30.54,18.0,957,1100,3584,424880,417,36,6,18.3,100.0,1009.7,2270450518,2,4721,294,1509.5,1447.7,39
190,26.65,18.0,957,1079,3569,420772,367,36,6,16.8,100.0,1013.2,2273439426,2,4771,294,1509.5,1447.7,39
191,49.64,18.0,959,1062,3533,414705,317,38,5,15.5,100.0,1016.5,2280704806,2,4820,294,1510.5,1448.7,39
192,32.51,18.0,962,1036,3491,409200,393,38,6,12.7,100.0,1023.1,2285998608,2,4869,294,1517.1,1455.1,39
193,61.59,18.0,964,1052,3490,408819,369,38,6,10.8,100.0,1027.7,2289503478,2,4918,294,1521.2,1459.2,39
194,30.48,18.0,967,1017,3448,404303,450,39,6,6.9,100.0,1037.0,2290753946,2,4967,294,1520.6,1458.6,39
195,34.04,18.0,969,987,3409,405839,421,39,6,4.9,100.0,1041.9,2291741434,2,5016,296,1520.7,1458.6,39
196,133.88,18.0,973,1017,3418,409567,371,39,6,2.6,100.0,1047.4,2292776378,2,5064,296,2264.6,2202.6,39
197,69.26,19.0,973,1092,3437,422451,321,39,6,-6.7,100.0,1070.0,2293907826,2,5114,296,1530.6,1468.6,39
198,37.59,19.0,986,1145,3504,440238,270,39,6,-11.5,100.0,1081.6,2295165526,2,5163,296,1531.2,1469.2,39
199,31.87,19.0,988,1198,3571,446473,220,40,4,-14.1,100.0,1087.8,2295911874,2,5212,301,1531.1,1469.1,39
200,34.25,19.0,992,1215,3565,444895,423,40,5,-16.2,100.0,1092.9,2301700934,2,5261,304,1542.7,1479.6,39
201,87.08,19.0,1028,1234,3607,455785,432,40,5,-18.4,100.0,1098.2,2304753982,2,5275,313,1544.2,1480.6,39
202,40.01,19.0,1088,1301,3720,472006,427,40,5,-23.6,100.0,1110.7,2305358026,2,5275,313,1544.2,1480.6,39
203,37.81,19.0,1112,1309,3755,475791,377,40,5,-25.7,100.0,1115.8,2306822478,2,5323,315,1544.2,1480.6,39
204,37.80,19.0,1148,1362,3882,485239,337,40,5,-27.5,100.0,1120.3,2307917449,2,5360,317,1544.2,1480.6,39
205,35.83,19.0,1160,1408,3953,492592,287,40,5,-29.2,100.0,1124.3,2308880201,2,5409,318,1544.2,1480.6,39
206,26.14,19.0,1161,1415,3962,493150,237,40,6,-30.6,100.0,1127.6,2309743229,2,5459,318,1544.1,1480.5,39
207,32.78,19.0,1163,1416,3989,492814,187,43,5,-31.5,100.0,1129.8,2310667997,2,5508,318,1544.1,1480.5,39
208,35.63,19.0,1164,1411,4001,489006,383,43,6,-32.4,100.0,1132.0,2312974957,2,5558,318,1560.0,1496.4,39
209,92.79,19.0,1164,1416,4031,490050,408,44,5,-33.2,100.0,1134.0,2315492409,2,5608,318,1560.4,1496.8,39
210,31.00,19.0,1165,1420,4047,491900,358,44,6,-34.1,100.0,1136.2,2319197493,2,5658,320,1560.0,1496.4,39
211,32.61,19.0,1165,1436,4069,493057,308,45,5,-34.4,100.0,1136.3,2320209085,2,5708,320,1560.0,1496.4,39
212,29.17,19.0,1166,1436,4067,492459,258,45,6,-35.2,100.0,1136.6,2321657877,2,5758,320,1560.0,1496.4,39
213,43.78,19.0,1238,1426,4059,491127,245,46,5,-36.3,100.0,1137.1,2322458389,2,5767,320,1560.3,1496.7,39
214,42.11,19.0,1310,1438,4064,493308,239,46,5,-38.8,100.0,1138.1,2323528377,2,5769,320,1560.3,1496.7,39
215,42.06,19.0,1382,1453,4082,497386,233,46,5,-42.0,100.0,1139.4,2326089005,2,5771,320,1560.3,1496.7,39
216,47.33,19.0,1436,1468,4108,503412,220,46,5,-45.8,100.0,1141.0,2330939573,2,5781,320,1561.3,1497.7,39
217,42.12,19.0,1508,1467,4118,503730,209,46,5,-50.8,100.0,1143.1,2331750329,2,5788,320,1563.3,1499.7,39
218,39.33,19.0,1562,1455,4135,505696,192,46,5,-55.9,100.0,1145.2,2332559533,2,5802,320,1563.3,1499.7,39
219,40.26,19.0,1616,1445,4140,506560,180,46,5,-61.1,100.0,1147.3,2333382069,2,5811,320,1563.3,1499.7,39
220,124.19,19.0,1670,1417,4162,503721,170,46,5,-66.8,100.0,1149.7,2334399673,2,5818,320,2313.3,2249.7,39
221,51.63,19.0,1724,1431,4193,505092,150,46,5,-86.2,100.0,1157.7,2335326425,2,5835,320,1569.3,1505.7,39
222,47.50,19.0,1778,1521,4225,502060,133,46,5,-94.8,100.0,1161.3,2340140565,2,5849,320,1569.3,1505.7,39
223,34.91,19.0,1796,1516,4279,503904,83,46,5,-102.8,100.0,1164.6,2341258485,2,5898,320,1571.3,1507.7,39
224,39.86,19.0,1808,1483,4288,503757,34,46,4,-108.7,100.0,1167.1,2342500229,2,5945,323,1571.4,1507.8,39
225,35.09,19.0,1830,1476,4362,509810,0,46,2,-115.5,100.0,1169.9,2343819929,2,5976,326,1571.7,1508.1,39
226,134.85,19.0,1786,1479,4380,508655,0,44,1,-121.3,100.0,1172.3,2343735105,2,5976,326,2325.4,2261.8,39
227,45.59,19.0,1786,1529,4500,517220,0,44,1,-142.5,100.0,1181.1,2341128749,2,5689,326,1575.4,1511.8,39
228,22.99,19.0,1788,1576,4580,524503,0,44,3,-149.0,100.0,1183.7,2341539313,2,5689,326,1575.4,1511.8,39
229,34.30,19.0,1790,1579,4631,527215,0,46,3,-152.0,100.0,1185.0,2343766709,2,5689,326,1575.4,1511.8,39
230,24.40,19.0,1792,1611,4672,534231,76,48,3,-156.3,100.0,1186.8,2344196397,2,5689,326,1576.4,1512.8,39
231,32.22,19.0,1800,1632,4687,536887,26,50,2,-159.2,100.0,1188.0,2344980957,2,5736,326,1576.4,1512.8,39
232,27.49,16.0,1806,1643,4725,540195,135,50,4,-162.7,100.0,1189.4,2345858573,2,5760,326,1576.9,1513.2,39
233,118.12,16.0,1808,1649,4782,544371,86,52,2,-165.4,100.0,1190.5,2346707161,2,5809,326,2333.3,2269.7,39
234,39.43,16.0,1812,1648,4799,545500,171,52,4,-173.6,100.0,1193.9,2347686973,2,5858,326,1578.9,1515.2,39
235,33.09,16.0,1816,1735,4918,566561,121,54,3,-174.9,100.0,1194.5,2348634977,2,5906,326,1578.9,1515.2,39
236,30.64,16.0,1824,1752,4921,566540,237,54,5,-175.5,100.0,1194.7,2351826893,2,5953,326,1578.9,1515.2,39
237,32.96,16.0,1828,1755,4928,567814,187,56,4,-175.5,100.0,1194.7,2352654221,2,6001,326,1579.9,1516.2,39
238,30.23,16.0,1839,1752,4928,567934,273,56,5,-175.8,100.0,1194.6,2353983297,2,6046,326,1581.4,1517.8,39
239,148.94,16.0,1845,1762,5000,576464,225,56,5,-176.6,100.0,1194.3,2363473689,2,6093,326,2339.8,2276.1,39
240,47.24,16.0,1853,1846,5001,581067,175,56,5,-186.4,100.0,1190.3,2366401557,2,6139,326,1587.4,1523.8,39
241,33.04,16.0,1853,1898,5018,588424,125,56,5,-191.3,100.0,1188.2,2367416741,2,6189,326,1588.4,1524.8,39
242,26.99,16.0,1853,1911,4997,583085,75,57,4,-195.1,100.0,1186.6,2370213285,2,6239,326,1588.4,1524.8,39
243,50.74,16.0,1857,1911,5001,581781,25,57,4,-198.5,100.0,1185.2,2379537149,2,6287,326,1589.4,1525.8,39
244,41.54,16.0,1857,1942,5009,584125,0,57,3,-205.4,100.0,1182.4,2386310489,2,6312,326,1593.4,1529.8,39
245,29.61,16.0,1857,1937,4923,570348,0,57,1,-211.5,100.0,1179.9,2386404565,2,6312,326,1596.4,1532.8,39
246,23.05,16.0,1857,1939,4888,569665,0,57,1,-216.0,100.0,1178.0,2386662697,2,6312,326,1596.4,1532.8,39
247,29.61,16.0,1861,1903,4874,567020,0,57,1,-219.6,100.0,1176.5,2386959965,2,6311,326,1596.4,1532.8,39
248,23.34,16.0,1861,1877,4829,562527,0,57,1,-224.3,100.0,1174.5,2387246497,2,6311,326,1596.4,1532.8,39
249,135.42,17.0,1861,1863,4828,561514,0,57,1,-228.2,100.0,1172.9,2387617845,2,6311,326,2380.4,2316.8,39
250,68.40,17.0,1109,1848,4672,545100,0,50,0,-251.0,100.0,1163.5,2385404041,2,6311,326,1622.4,1558.8,39
251,46.95,17.0,1018,1855,4752,536837,0,50,0,-262.4,100.0,1158.8,2392290889,2,6152,326,1622.4,1558.8,39
252,77.55,17.0,1020,1874,4839,542951,54,50,2,-270.1,100.0,1155.6,2407393453,2,6023,326,1631.4,1567.4,39
253,53.96,17.0,1020,1954,5044,569631,47,50,2,-282.1,100.0,1150.6,2419301649,2,6073,335,1636.8,1572.7,39
254,37.90,17.0,1024,1966,5063,571614,53,50,4,-289.9,100.0,1147.4,2424167117,2,6119,336,1641.4,1577.4,39
255,54.27,17.0,1032,2005,5129,571550,3,54,2,-294.9,100.0,1145.3,2424923003,2,5879,336,1645.4,1581.4,39
256,37.18,17.0,1034,2022,5128,574454,75,54,3,-301.4,100.0,1142.6,2426933051,2,5615,336,1647.4,1583.4,39
257,43.92,17.0,1038,2045,5173,579731,25,56,1,-305.3,100.0,1141.0,2428856931,2,5368,336,1649.4,1585.4,39
258,29.98,17.0,1042,2010,5138,577614,114,56,3,-309.2,100.0,1139.4,2430100351,2,5392,336,1658.3,1594.1,39
259,56.92,17.0,1044,1989,5140,577884,78,58,1,-311.5,100.0,1138.4,2431600955,2,5441,338,1658.7,1594.5,39
260,119.86,17.0,1045,2046,5198,582758,261,58,2,-314.9,100.0,1137.0,2432668827,2,5491,338,2490.9,2426.8,39
261,45.45,17.0,1059,2061,5219,585530,212,58,2,-317.0,100.0,1136.2,2433439487,2,5534,339,1707.3,1643.1,39
262,26.85,13.0,1059,2055,5228,587200,162,58,2,-317.2,100.0,1135.6,2434139343,2,5584,339,1706.9,1642.8,39
263,32.32,13.0,1059,2059,5233,587830,112,58,2,-317.5,100.0,1134.8,2434876867,2,5634,339,1706.9,1642.8,39
264,27.31,13.0,1059,2053,5236,588099,62,59,1,-318.1,100.0,1133.4,2435583975,2,5684,339,1706.9,1642.8,39
265,32.51,13.0,1059,2060,5224,585966,12,59,1,-318.8,100.0,1131.8,2436422295,2,5734,339,1706.9,1642.8,39
266,23.75,13.0,1059,2056,5212,583442,0,59,1,-319.7,100.0,1129.5,2436842135,2,5746,339,1706.9,1642.8,39
267,29.37,13.0,1059,2035,5206,581488,0,59,0,-320.5,100.0,1127.5,2437043615,2,5746,339,1706.9,1642.8,39
268,22.00,13.0,1059,2033,5202,582051,0,59,0,-321.7,100.0,1124.8,2437356387,2,5746,339,1706.9,1642.8,39
269,28.34,13.0,1059,2031,5208,582152,0,59,0,-322.6,100.0,1122.6,2437649739,2,5746,339,1706.9,1642.8,39
270,22.08,13.0,1059,2030,5211,580818,0,59,0,-323.9,100.0,1119.5,2437866295,2,5746,339,1706.9,1642.8,39
271,28.23,13.0,1059,2026,5232,580138,0,59,0,-325.0,100.0,1116.9,2438249759,2,5746,339,1706.9,1642.8,39
272,31.37,13.0,1059,2028,5257,580978,0,59,0,-326.4,100.0,1113.3,2440655483,2,5746,339,1706.9,1642.8,39
273,28.60,13.0,1059,2045,5246,578601,0,59,0,-328.1,100.0,1109.2,2440991595,2,5746,339,1707.9,1643.8,39
274,18.56,13.0,1059,2030,5285,581754,0,59,0,-329.8,100.0,1105.2,2441079583,2,5746,339,1707.9,1643.8,39
275,16.55,13.0,1059,2035,5300,583950,0,59,0,-330.9,100.0,1102.5,2441199415,2,5746,339,1707.9,1643.8,39
276,12.58,13.0,1059,2062,5354,595086,0,59,0,-331.9,100.0,1100.0,2441285687,2,5746,339,1707.9,1643.8,39
277,17.67,13.0,1059,2075,5372,595360,0,59,0,-332.7,100.0,1098.1,2441349919,2,5746,339,1707.9,1643.8,39
278,12.35,13.0,1059,2092,5402,597003,0,59,0,-333.9,100.0,1095.4,2441448951,2,5746,339,1707.9,1643.8,39
279,136.76,13.0,1059,2106,5424,597165,0,59,0,-334.7,100.0,1093.5,2441810375,2,5746,339,2541.9,2477.8,39
280,24.19,13.0,1059,2179,5449,600572,0,59,0,-344.0,100.0,1070.9,2441925863,2,5746,339,1709.9,1645.8,39
281,16.63,13.0,1059,2181,5457,601808,0,59,0,-345.7,100.0,1066.8,2441994547,2,5746,339,1709.9,1645.8,39
282,11.25,13.0,1059,2196,5495,606982,0,59,0,-346.8,100.0,1064.0,2442082435,2,5746,339,1709.9,1645.8,39
283,38.27,13.0,1059,2191,5527,609811,0,59,0,-347.6,100.0,1062.1,2446470479,2,5746,339,1709.9,1645.8,39
284,38.70,13.0,1059,2177,5535,604956,0,59,0,-350.3,100.0,1055.6,2452946711,2,5746,339,1711.9,1647.8,39
285,45.37,13.0,957,2178,5500,603614,0,46,0,-353.0,100.0,1049.2,2454638003,2,5746,339,1714.9,1650.8,39
286,15.35,13.0,959,2137,5449,602384,121,46,2,-356.1,100.0,1041.8,2455051055,2,5746,339,1715.9,1651.8,39
287,22.32,13.0,959,1993,5267,585324,71,48,1,-357.1,100.0,1039.3,2455469979,2,5796,339,1715.9,1651.8,39
288,23.19,13.0,961,1859,5117,574758,235,48,3,-358.5,100.0,1035.8,2457507815,2,5846,339,1717.5,1653.2,39
289,32.87,13.0,961,1815,5023,561227,198,48,3,-360.0,100.0,1032.2,2457780067,2,5896,351,1721.3,1656.9,39
290,134.41,13.0,961,1836,5044,565330,153,48,3,-362.0,100.0,1027.3,2455348127,2,5665,353,2567.3,2502.9,39
291,32.69,29.0,961,1903,5116,573617,103,48,3,-369.2,100.0,1010.0,2452699827,2,5415,353,1733.0,1668.6,39
292,21.65,29.0,961,1931,5123,574677,53,50,2,-370.7,100.0,1006.6,2450108939,2,5151,353,1733.0,1668.6,39
293,56.50,29.0,889,1927,5124,574666,3,50,2,-371.5,100.0,1004.5,2457376919,2,5063,353,1733.0,1668.6,39
294,59.52,29.0,891,1944,5121,574643,43,50,3,-373.4,100.0,999.9,2468132267,2,5066,353,1737.0,1672.6,39
295,42.33,29.0,828,1999,5119,573440,161,52,3,-374.8,100.0,996.6,2472836315,2,5106,353,1742.0,1677.6,39
296,29.01,29.0,830,2023,5139,577275,476,54,3,-375.3,100.0,995.2,2476027503,2,5156,353,1744.3,1679.9,39
297,35.45,29.0,830,2030,5176,580830,429,54,3,-375.5,100.0,994.8,2480908427,2,5206,353,1745.6,1681.1,39
298,40.85,29.0,832,2036,5173,580258,593,54,5,-375.5,100.0,994.7,2486935711,2,5256,353,1754.9,1690.3,39
299,58.25,29.0,850,2033,5166,577684,559,58,4,-375.4,100.0,994.3,2488726255,2,5302,357,1757.2,1692.6,39
300,18.99,29.0,851,2035,5158,576569,653,58,5,-374.5,100.0,992.2,2489527511,2,5352,357,1757.1,1692.5,39
301,20.27,29.0,851,2041,5185,583274,603,58,5,-374.1,100.0,991.2,2489879099,2,5402,357,1757.1,1692.5,39
302,16.80,29.0,855,2105,5256,590091,553,58,5,-373.5,100.0,989.9,2490519595,2,5450,357,1757.1,1692.5,39
303,21.66,29.0,855,2148,5326,598305,503,58,5,-373.1,100.0,988.7,2491005815,2,5500,357,1757.1,1692.5,39
304,16.12,29.0,855,2151,5330,600553,453,59,4,-372.4,100.0,987.1,2491434191,2,5550,357,1757.1,1692.5,39
305,126.16,29.0,868,2141,5332,598085,411,59,4,-371.8,100.0,985.7,2492100007,2,5591,357,2635.2,2570.6,39
306,32.70,29.0,868,2105,5264,594629,360,59,4,-366.0,100.0,971.8,2492722547,2,5641,357,1789.3,1724.7,39
307,25.48,29.0,870,2009,5144,575792,310,59,2,-364.2,100.0,967.4,2492952179,2,5690,357,1789.2,1724.6,39
308,20.20,29.0,872,1920,5078,562122,260,59,2,-362.8,100.0,963.9,2493537531,2,5739,357,1789.2,1724.6,39
309,22.87,29.0,874,1896,5063,560775,210,59,2,-361.5,100.0,960.9,2493964459,2,5788,358,1789.2,1724.6,39
310,17.70,29.0,876,1833,5030,558093,160,59,2,-360.1,100.0,957.5,2494476339,2,5837,358,1789.2,1724.6,39
311,27.60,20.0,878,1779,4935,546131,110,59,2,-359.0,100.0,954.8,2497034991,2,5886,358,1789.2,1724.6,39
312,22.58,20.0,882,1751,4880,538376,60,59,2,-357.2,100.0,950.5,2499694167,2,5934,358,1790.2,1725.6,39
313,21.13,20.0,886,1755,4857,535663,10,59,2,-355.7,100.0,946.9,2500209963,2,5982,358,1791.2,1726.6,39
314,12.92,20.0,886,1733,4827,529026,0,59,2,-354.3,100.0,943.4,2500347507,2,5992,358,1791.2,1726.6,39
315,16.84,20.0,886,1733,4819,530430,0,59,0,-353.4,100.0,941.3,2500187311,2,5992,358,1791.2,1726.6,39
316,11.71,20.0,886,1703,4805,529011,0,59,0,-352.3,100.0,938.5,2500275175,2,5992,358,1791.2,1726.6,39
317,16.19,20.0,886,1714,4793,526740,0,59,0,-351.4,100.0,936.6,2500355459,2,5992,358,1791.2,1726.6,39
318,142.31,20.0,878,1697,4797,527723,0,51,0,-350.3,100.0,933.8,2500435795,2,5992,358,2673.2,2608.6,39
319,40.95,20.0,884,1785,4749,523913,0,51,0,-340.4,100.0,909.8,2500674495,2,5991,358,1795.4,1730.8,39
320,23.30,20.0,886,1812,4724,524747,217,51,2,-337.6,100.0,903.1,2501594347,2,5991,358,1797.4,1732.6,39
321,38.55,20.0,886,1825,4705,523602,192,51,2,-336.0,100.0,899.3,2502792035,2,6041,361,1799.5,1734.6,39
322,22.00,20.0,888,1819,4709,525337,454,51,4,-333.5,100.0,893.2,2503754375,2,6091,362,1799.5,1734.6,39
323,22.37,20.0,890,1807,4684,516573,407,51,4,-332.1,100.0,889.9,2504193055,2,6140,362,1799.9,1734.9,39
324,31.10,20.0,896,1785,4648,513189,619,51,6,-330.7,100.0,886.5,2506521249,2,6188,362,1808.3,1743.1,39
325,137.16,20.0,896,1768,4638,510427,768,51,6,-328.9,100.0,882.1,2512164231,2,6223,372,1823.4,1757.5,39
326,29.93,20.0,896,1689,4541,498718,748,51,6,-322.0,100.0,865.4,2513069751,2,6243,375,1824.3,1758.4,39
327,28.42,20.0,896,1654,4532,498197,710,51,6,-320.8,100.0,862.6,2513727555,2,6281,379,1825.0,1759.1,39
328,32.16,20.0,896,1650,4532,496648,696,51,6,-319.8,100.0,860.2,2514462183,2,6295,384,1827.6,1761.6,39
329,29.31,20.0,932,1639,4525,496218,691,51,6,-318.9,100.0,857.9,2514899171,2,6297,384,1826.6,1760.6,39
330,29.37,20.0,956,1633,4511,494272,685,51,6,-318.1,100.0,856.2,2515368183,2,6301,384,1827.1,1761.2,39
331,24.25,20.0,956,1614,4516,491486,635,51,6,-317.6,100.0,854.8,2516016195,2,6351,385,1826.9,1760.9,39
332,17.09,20.0,958,1615,4522,492830,585,51,6,-317.3,100.0,854.0,2516446883,2,6400,385,1826.9,1760.9,39
333,23.23,20.0,958,1617,4507,493430,535,51,6,-317.1,100.0,853.6,2516950315,2,6450,385,1826.9,1760.9,39
334,19.96,20.0,958,1625,4503,493096,485,51,6,-317.0,100.0,853.4,2517450527,2,6500,386,1826.9,1760.9,39
335,27.32,20.0,958,1624,4500,492830,453,51,6,-317.0,100.0,853.3,2518063103,2,6532,390,1827.7,1761.7,39
336,21.54,20.0,958,1627,4500,493210,403,51,6,-316.8,100.0,853.2,2518750079,2,6582,395,1827.8,1761.8,39
337,22.33,26.0,958,1611,4482,492213,353,51,6,-316.3,100.0,853.1,2519572083,2,6632,398,1828.1,1762.1,39
338,16.76,26.0,958,1612,4479,491560,303,51,6,-315.6,100.0,852.8,2522477127,2,6682,399,1827.8,1761.9,39
339,24.42,26.0,958,1616,4461,491188,268,51,6,-315.0,100.0,852.5,2523338739,2,6717,401,1828.6,1762.6,39
340,31.68,26.0,959,1620,4445,491887,442,57,6,-313.7,100.0,852.0,2528504459,2,6767,401,1839.6,1772.8,39
341,141.51,26.0,961,1603,4404,490889,462,58,5,-311.8,100.0,851.2,2533202303,2,6816,401,1846.3,1779.2,39
342,21.67,26.0,962,1458,4156,475364,577,58,5,-298.2,100.0,845.5,2534231903,2,6866,401,1846.1,1779.1,39
343,24.51,26.0,964,1454,4134,471747,527,58,5,-295.5,100.0,844.4,2534906879,2,6915,401,1846.1,1779.1,39
344,36.49,26.0,970,1434,4114,470131,477,58,5,-292.4,100.0,843.1,2539873827,2,6962,401,1846.1,1779.1,39
345,22.46,26.0,970,1417,4059,466642,427,58,5,-287.4,100.0,841.1,2540656923,2,7012,401,1848.1,1781.1,39
346,15.33,26.0,970,1409,4059,466780,377,58,5,-284.2,100.0,839.7,2541171903,2,7062,401,1848.1,1781.1,39
347,22.87,26.0,970,1395,4056,466098,327,59,4,-281.9,100.0,838.8,2541665623,2,7112,401,1848.1,1781.1,39
348,23.18,26.0,972,1378,4047,465014,277,59,4,-278.4,100.0,837.4,2542600983,2,7161,401,1850.3,1783.2,39
349,25.18,26.0,986,1368,4042,466271,227,59,4,-274.9,100.0,835.9,2543625231,2,7209,407,1849.4,1782.3,39
350,139.58,26.0,988,1362,4030,463991,193,59,2,-270.9,100.0,834.2,2544182575,2,7242,409,2737.1,2670.0,39
351,37.87,26.0,990,1311,4087,466181,143,59,2,-247.6,100.0,824.6,2545211847,2,7291,410,1854.2,1787.1,39
352,33.34,26.0,1020,1331,4115,468731,111,59,1,-241.2,100.0,821.9,2546743775,2,7321,418,1855.4,1788.2,39
353,25.95,26.0,1020,1322,4139,466856,61,59,1,-235.6,100.0,819.6,2547713739,2,7371,420,1855.9,1788.8,39
354,39.59,26.0,958,1308,4182,475972,11,46,1,-231.3,100.0,817.8,2548046523,2,7420,420,1855.6,1788.5,39
355,37.84,26.0,958,1303,4197,476745,0,46,1,-224.7,100.0,815.1,2546084319,2,7206,420,1855.6,1788.5,39
356,20.42,26.0,960,1295,4222,480591,208,46,2,-218.7,100.0,812.6,2544567283,2,7032,420,1856.4,1789.3,39
357,20.28,26.0,962,1326,4287,490812,181,46,2,-215.5,100.0,811.3,2545147739,2,7081,421,1856.5,1789.4,39
358,27.91,26.0,968,1329,4310,492487,408,46,4,-212.4,100.0,810.0,2546679225,2,7129,421,1863.7,1796.5,39
359,56.30,26.0,968,1329,4308,492118,416,46,4,-208.2,100.0,808.3,2547832403,2,7145,424,1864.6,1797.4,39
360,22.51,26.0,970,1327,4439,507306,604,46,6,-200.4,100.0,805.0,2549206179,2,7195,426,1870.2,1802.9,39
361,48.65,24.0,984,1329,4455,509099,590,46,6,-197.5,100.0,803.8,2550355447,2,7243,426,1870.3,1803.0,39
362,18.10,24.0,986,1348,4495,510664,540,46,6,-191.6,100.0,801.4,2550952031,2,7292,426,1870.2,1802.9,39
363,21.39,24.0,986,1359,4541,513177,490,46,6,-189.6,100.0,800.6,2551466699,2,7342,426,1870.2,1802.9,39
364,15.07,24.0,988,1385,4569,516055,440,46,6,-187.4,100.0,799.7,2552095227,2,7391,426,1870.2,1802.9,39
365,22.07,24.0,988,1368,4592,518887,390,46,6,-186.0,100.0,799.1,2554982567,2,7441,426,1870.2,1802.9,39
366,16.52,24.0,990,1380,4619,521006,340,46,6,-184.0,100.0,798.2,2555715895,2,7490,426,1870.2,1802.9,39
367,23.38,24.0,990,1383,4640,522752,288,46,6,-182.6,100.0,797.7,2556527807,2,7540,426,1870.2,1802.9,39
368,18.30,24.0,990,1391,4652,522592,238,46,6,-180.9,100.0,797.0,2557312707,2,7590,426,1870.2,1802.9,39
369,21.60,24.0,1003,1401,4654,521869,192,46,6,-179.7,100.0,796.5,2558044239,2,7635,426,1870.3,1803.0,39
370,15.42,24.0,1003,1396,4641,522279,142,46,6,-178.4,100.0,795.9,2558558079,2,7685,426,1870.2,1802.9,39
371,22.50,24.0,1005,1403,4643,523354,92,52,5,-177.7,100.0,795.6,2559068699,2,7734,426,1870.2,1802.9,39
372,19.86,24.0,1006,1406,4644,525241,194,52,6,-176.8,100.0,795.2,2560310115,2,7784,426,1870.3,1803.0,39
373,24.89,24.0,1008,1424,4650,526924,159,53,4,-176.2,100.0,795.0,2560771047,2,7833,426,1870.4,1803.1,39
374,23.35,24.0,1010,1432,4659,528274,397,53,6,-175.7,100.0,794.8,2561779723,2,7883,426,1870.3,1803.0,39
375,26.50,24.0,1010,1432,4660,528326,347,53,6,-175.5,100.0,794.7,2562893667,2,7933,426,1873.0,1805.7,39
376,26.80,24.0,1016,1434,4660,528446,308,53,6,-175.5,100.0,794.7,2563758475,2,7980,434,1873.4,1806.0,39
377,21.89,24.0,1018,1432,4660,528446,258,53,6,-175.4,100.0,794.8,2564451259,2,8029,434,1873.0,1805.7,39
378,15.02,24.0,1018,1435,4658,528176,206,53,6,-174.9,100.0,795.0,2565006907,2,8079,434,1873.0,1805.7,39
379,24.09,24.0,1018,1441,4659,528568,156,55,5,-174.5,100.0,795.2,2565493195,2,8129,434,1873.0,1805.7,39
380,22.03,24.0,1019,1442,4662,528967,288,55,6,-173.5,100.0,795.6,2567122657,2,8179,434,1875.3,1807.7,39
381,47.47,24.0,1019,1454,4673,530450,255,56,5,-172.5,100.0,796.0,2568981007,2,8229,434,1876.9,1809.2,39
382,20.85,24.0,1020,1442,4669,528828,351,56,6,-169.4,100.0,797.3,2570318911,2,8279,434,1876.6,1808.9,39
383,22.34,24.0,1022,1457,4739,537010,301,57,5,-167.7,100.0,798.0,2570774139,2,8328,434,1876.6,1808.9,39
384,20.55,24.0,1029,1431,4787,539715,498,57,6,-165.8,100.0,798.8,2571750755,2,8375,434,1877.4,1809.7,39
385,26.61,24.0,1047,1413,4774,536485,451,57,6,-163.8,100.0,799.6,2574773043,2,8416,434,1877.7,1810.0,39
386,15.63,24.0,1047,1400,4766,535166,401,57,6,-161.1,100.0,800.7,2575376139,2,8466,434,1877.4,1809.7,39
387,22.65,24.0,1047,1388,4758,534917,351,57,6,-159.4,100.0,801.4,2575961875,2,8516,434,1877.4,1809.7,39
388,15.51,24.0,1047,1341,4760,535218,301,57,6,-156.7,100.0,802.5,2576697139,2,8566,434,1877.4,1809.7,39
389,23.85,24.0,1047,1329,4757,534372,251,57,6,-154.8,100.0,803.3,2577453763,2,8616,434,1877.4,1809.7,39
390,23.97,24.0,1048,1320,4847,538144,340,58,6,-151.8,100.0,804.6,2578580563,2,8666,434,1877.6,1809.9,39
391,31.80,24.0,1048,1314,4843,536044,291,59,5,-148.6,100.0,805.9,2581489383,2,8716,434,1877.8,1810.1,39
392,55.38,24.0,1048,1328,4824,537943,241,59,4,-144.1,100.0,807.8,2592640935,2,8766,435,1878.6,1810.9,39
393,58.83,24.0,1048,1311,4810,536595,191,59,2,-135.9,100.0,811.2,2593084671,2,8816,435,1883.6,1815.9,39
394,17.72,24.0,1048,1305,4838,537209,141,59,2,-126.5,100.0,815.0,2594001707,2,8866,436,1883.6,1815.9,39
395,23.42,24.0,1048,1287,4824,540842,91,59,2,-123.6,100.0,816.2,2594447159,2,8916,440,1883.6,1815.9,39
396,22.45,24.0,1068,1297,4821,540966,40,59,2,-119.8,100.0,817.8,2595281063,2,8965,442,1884.7,1817.0,39
397,131.48,24.0,876,1313,4727,534828,0,51,1,-116.0,100.0,819.4,2594782123,2,9005,442,2781.6,2713.9,39
398,38.86,37.0,878,1329,4665,543582,260,51,2,-93.8,100.0,828.6,2598409519,2,9005,442,1912.1,1843.2,39
399,131.76,37.0,898,1328,4663,544612,364,51,2,-87.3,100.0,831.3,2603917443,2,9054,461,1921.5,1852.7,39
400,25.76,37.0,900,1282,4625,544173,591,51,4,-66.7,100.0,839.8,2605919327,2,9104,462,1926.1,1857.2,39
401,50.70,37.0,914,1330,4537,545347,567,51,4,-63.0,100.0,841.4,2607538903,2,9151,462,1926.3,1857.5,39
402,27.86,37.0,934,1330,4552,550636,517,51,4,-56.2,100.0,844.2,2611028987,2,9199,462,1927.8,1858.9,39
403,27.71,37.0,962,1367,4579,558501,468,51,4,-52.8,100.0,845.6,2612067747,2,9246,462,1927.9,1859.0,39
404,30.97,37.0,972,1381,4576,561406,452,51,4,-49.6,100.0,846.9,2610374391,2,9020,462,1931.0,1862.1,39
405,38.71,37.0,1012,1333,4519,546273,414,51,4,-46.3,100.0,848.3,2606593215,2,8568,464,1929.6,1860.7,39
406,29.92,37.0,1012,1332,4521,546548,364,51,4,-42.7,100.0,849.8,2604636443,2,8342,464,1930.7,1861.9,39
407,32.66,37.0,1036,1358,4517,543859,317,51,4,-40.3,100.0,850.8,2603039123,2,8120,464,1930.6,1861.7,39
408,31.19,37.0,1058,1337,4517,544826,267,51,4,-38.1,100.0,851.7,2601589591,2,7941,464,1930.6,1861.7,39
409,30.97,37.0,1096,1334,4516,543936,224,51,4,-36.4,100.0,852.4,2601063347,2,7859,464,1930.4,1861.6,39
410,24.31,37.0,1100,1324,4508,541476,447,51,6,-35.2,100.0,852.9,2602800639,2,7908,464,1932.9,1863.8,39
411,33.00,37.0,1104,1311,4504,539650,432,51,6,-34.5,100.0,853.2,2603619943,2,7956,464,1933.7,1864.6,39
412,14.44,37.0,1104,1318,4507,540798,382,51,6,-34.1,100.0,853.3,2604046071,2,8006,466,1932.9,1863.8,39
413,19.82,37.0,1126,1307,4503,539222,349,51,6,-34.1,100.0,853.3,2604567995,2,8037,466,1934.0,1864.9,39
414,25.94,37.0,1144,1306,4503,539222,306,51,6,-34.1,100.0,853.4,2605153495,2,8079,466,1933.1,1864.0,39
415,27.21,37.0,1146,1304,4491,539032,255,51,6,-33.9,100.0,853.9,2605877203,2,8128,466,1933.3,1864.1,39
416,19.99,37.0,1156,1294,4489,538286,205,57,5,-33.5,100.0,854.7,2606226491,2,8177,466,1933.4,1864.2,39
417,21.37,37.0,1168,1291,4465,534820,155,57,4,-33.2,100.0,855.6,2606702935,2,8226,468,1933.3,1864.1,39
418,22.62,37.0,1172,1297,4440,532493,360,57,5,-32.7,100.0,856.7,2608169183,2,8275,468,1944.1,1874.9,39
419,60.71,37.0,1204,1292,4425,530076,384,57,5,-32.2,100.0,858.0,2609415839,2,8275,468,1944.8,1875.6,39
420,29.70,37.0,1252,1300,4382,525989,368,57,5,-30.2,100.0,862.8,2609937523,2,8287,469,1944.3,1875.1,39
421,24.57,37.0,1256,1288,4364,518844,318,57,5,-29.0,100.0,865.7,2610474919,2,8335,469,1944.1,1874.9,39
422,14.88,24.0,1256,1287,4358,517367,268,57,5,-27.9,100.0,868.2,2610934891,2,8385,469,1944.1,1874.9,39
423,20.15,24.0,1280,1262,4334,514746,254,57,5,-27.3,100.0,869.9,2611262803,2,8397,469,1944.3,1875.1,39
424,24.82,24.0,1316,1261,4330,513587,237,57,5,-26.3,100.0,872.3,2611631611,2,8411,469,1944.3,1875.1,39
425,20.38,24.0,1328,1266,4307,512736,187,57,5,-25.0,100.0,875.3,2612156639,2,8460,469,1944.3,1875.1,39
426,15.45,24.0,1328,1273,4285,514595,137,59,4,-23.9,100.0,878.0,2612532623,2,8510,469,1944.1,1874.9,39
427,25.66,24.0,1328,1288,4276,513071,87,59,3,-23.1,100.0,880.0,2612914531,2,8560,469,1944.1,1874.9,39
428,23.12,24.0,1342,1299,4261,510980,37,59,2,-21.6,100.0,883.6,2613444295,2,8608,469,1944.3,1875.1,39
429,24.80,24.0,1378,1278,4244,507190,20,59,2,-20.2,100.0,887.0,2613857207,2,8622,469,1944.3,1875.1,39
430,14.05,24.0,1378,1313,4250,507754,0,59,2,-18.7,100.0,890.7,2614125855,2,8642,469,1944.1,1874.9,39
431,19.60,24.0,1378,1314,4241,507437,0,59,0,-17.8,100.0,892.8,2614013191,2,8642,469,1944.1,1874.9,39
432,11.00,24.0,1378,1298,4182,502836,0,59,0,-16.5,100.0,895.9,2614129251,2,8642,469,1944.1,1874.9,39
433,18.05,24.0,1378,1294,4143,498358,0,59,0,-15.8,100.0,897.6,2614176375,2,8642,469,1944.1,1874.9,39
434,10.96,24.0,1378,1292,4139,498161,0,59,0,-14.6,100.0,900.5,2614277339,2,8642,469,1944.1,1874.9,39
435,20.90,24.0,1384,1305,4087,494920,0,59,0,-13.8,100.0,902.3,2614379639,2,8641,469,1944.3,1875.1,39
436,10.07,24.0,1384,1297,4034,486581,0,59,0,-12.4,100.0,905.7,2614449755,2,8641,469,1944.1,1874.9,39
437,17.97,24.0,1384,1297,4030,486223,0,59,0,-11.7,100.0,907.3,2614568799,2,8641,469,1944.1,1874.9,39
438,10.69,24.0,1384,1305,4018,483212,0,59,0,-10.5,100.0,910.3,2614665555,2,8641,469,1944.1,1874.9,39
439,20.57,24.0,1390,1310,4008,483281,0,59,0,-9.8,100.0,912.1,2614771303,2,8640,469,1944.3,1875.1,39
440,11.11,24.0,1390,1338,3998,480263,0,59,0,-8.3,100.0,915.6,2614800611,2,8640,469,1944.1,1874.9,39
441,18.09,24.0,1390,1352,4010,479026,0,59,0,-7.6,100.0,917.4,2614862055,2,8640,469,1944.1,1874.9,39
442,11.63,24.0,1390,1362,4002,477574,0,59,0,-6.3,100.0,920.5,2614960527,2,8640,469,1944.1,1874.9,39
443,20.60,24.0,1396,1362,4010,477648,0,59,0,-5.5,100.0,922.5,2615077499,2,8639,469,1944.3,1875.1,39
444,18.08,24.0,1396,1370,4001,476920,0,59,0,-4.0,100.0,926.0,2617255791,2,8639,469,1944.1,1874.9,39
445,18.94,24.0,1396,1380,4000,477357,0,59,0,-2.8,100.0,929.0,2617363443,2,8639,469,1945.1,1875.9,39
446,10.10,24.0,1396,1383,3990,477824,0,59,0,-1.4,100.0,932.2,2617435839,2,8639,469,1945.1,1875.9,39
447,18.55,24.0,1396,1387,3985,476611,0,59,0,-0.7,100.0,933.9,2617530503,2,8639,469,1945.1,1875.9,39
448,56.02,24.0,1353,1282,3882,468431,0,46,0,0.6,100.0,937.1,2617242815,2,8639,469,1945.1,1875.9,39
449,137.10,24.0,1353,1284,3885,471951,0,46,0,4.4,100.0,946.3,2616299939,2,8499,469,2845.1,2775.9,39
450,30.76,24.0,1355,1279,3849,469543,331,46,2,13.0,100.0,967.0,2617100855,2,8499,469,1949.5,1880.3,39
451,34.05,24.0,1359,1274,3852,469505,287,46,2,14.7,100.0,971.2,2619618643,2,8547,469,1950.8,1881.6,39
452,22.14,24.0,1363,1208,3814,464808,237,46,2,16.5,100.0,975.4,2618226847,2,8323,469,1949.5,1880.3,39
453,25.40,24.0,1367,1252,3848,475632,187,46,2,17.5,100.0,978.1,2617563519,2,8220,469,1949.5,1880.3,39
454,20.90,24.0,1369,1242,3832,473542,313,46,4,18.7,100.0,980.9,2617450563,2,8191,470,1949.5,1880.3,39
455,19.38,24.0,1369,1268,3850,476302,263,46,4,19.6,100.0,983.0,2615673875,2,7969,470,1949.5,1880.3,39
456,20.28,24.0,1373,1294,3859,475505,213,46,4,20.4,100.0,984.8,2614609231,2,7792,470,1949.5,1880.3,39
457,20.74,24.0,1375,1298,3859,475435,163,46,4,21.1,100.0,986.6,2612602067,2,7583,470,1949.5,1880.3,39
458,20.36,24.0,1379,1306,3858,474630,113,46,4,21.8,100.0,988.3,2611098307,2,7426,470,1949.5,1880.3,39
459,22.56,24.0,1381,1299,3861,473858,62,50,2,22.4,100.0,989.8,2611532547,2,7475,470,1949.5,1880.3,39
460,28.67,24.0,1385,1298,3849,472859,324,50,4,23.0,100.0,991.2,2618505799,2,7524,470,1954.3,1884.7,39
461,64.92,39.0,1385,1305,3857,472681,326,52,3,23.6,100.0,992.7,2616899059,2,7574,470,1960.7,1890.0,39
462,20.80,39.0,1399,1303,3845,472449,276,52,3,24.4,100.0,994.6,2617448395,2,7622,470,1960.0,1889.4,39
463,29.91,39.0,1399,1301,3836,471022,226,52,3,24.5,100.0,994.7,2618150551,2,7672,475,1959.9,1889.3,39
464,29.23,39.0,1435,1299,3835,470760,191,52,3,24.5,100.0,994.7,2618687907,3,7704,476,1960.0,1889.4,39
465,30.44,39.0,1483,1608,4285,545487,174,52,3,24.4,100.0,994.7,2619193135,3,7717,476,1960.0,1889.4,39
466,28.47,39.0,1519,1889,4442,547464,148,52,3,24.4,100.0,994.5,2619959675,3,7740,476,1960.0,1889.4,39
467,31.27,39.0,1545,1889,4443,547616,101,52,3,24.3,100.0,994.2,2622913895,3,7784,478,1960.0,1889.4,39
468,27.62,39.0,1575,1884,4440,547114,51,52,3,24.1,100.0,993.7,2623733135,3,7829,478,1961.0,1890.4,39
469,27.97,39.0,1575,1884,4441,547406,1,52,3,23.9,100.0,993.2,2624571627,3,7879,478,1960.9,1890.3,39
470,21.45,39.0,1577,1884,4437,546592,278,52,3,23.7,100.0,992.6,2625796635,3,7880,478,1966.6,1895.9,39
471,133.14,39.0,1601,1883,4438,545735,314,54,2,23.6,100.0,992.0,2627677151,3,7891,478,2873.2,2802.3,39
472,32.23,39.0,1605,1878,4438,545485,451,54,4,22.0,100.0,987.3,2628436159,3,7940,484,1973.0,1902.2,39
473,31.77,39.0,1607,1901,4458,545732,401,56,3,21.5,100.0,985.8,2630933463,3,7989,484,1973.0,1902.2,39
474,50.81,39.0,1615,1917,4461,547444,493,56,5,20.9,100.0,984.2,2639379843,3,8036,484,1979.5,1908.2,39
475,44.93,39.0,1627,1894,4462,546245,466,58,4,20.0,100.0,981.4,2642845571,3,8085,495,1982.6,1911.4,39
476,22.68,39.0,1628,1854,4461,546221,616,58,5,19.1,100.0,978.6,2643831011,3,8135,495,1983.7,1912.5,39
477,26.93,39.0,1630,1840,4459,547820,567,58,5,18.6,100.0,977.2,2644402947,3,8184,496,1983.9,1912.7,39
478,25.59,39.0,1659,1783,4459,547199,518,58,5,18.0,100.0,975.3,2645066687,3,8231,496,1984.4,1913.1,39
479,25.73,39.0,1659,1764,4447,545427,468,58,5,17.4,100.0,973.5,2645820851,3,8281,496,1983.7,1912.5,39
480,118.18,39.0,1659,1725,4429,548968,418,58,5,16.8,100.0,971.6,2646357719,3,8331,496,2895.7,2824.5,39
481,42.30,20.0,1659,1717,4417,547081,367,58,5,13.5,100.0,962.0,2646980967,3,8381,497,1993.7,1922.5,39
482,32.00,20.0,1707,1606,4331,541591,328,59,4,12.3,100.0,958.2,2647666219,3,8416,497,1993.8,1922.6,39
483,31.60,20.0,1755,1604,4337,541467,296,59,4,11.3,100.0,955.2,2648239159,3,8444,497,1993.8,1922.6,39
484,28.93,20.0,1791,1617,4354,540655,254,59,4,10.3,100.0,952.2,2648862775,3,8483,497,1993.8,1922.6,39
485,27.15,20.0,1827,1667,4418,540465,219,59,4,9.3,100.0,949.3,2649559407,3,8515,497,1993.8,1922.6,39
486,17.33,20.0,1827,1780,4507,547771,169,59,4,8.4,100.0,946.5,2650301375,3,8565,497,1993.7,1922.5,39
487,22.67,20.0,1851,1819,4569,549894,150,59,3,7.8,100.0,944.7,2650629615,3,8582,497,1993.8,1922.6,39
488,25.95,20.0,1887,1845,4602,551220,133,59,3,7.0,100.0,942.3,2651406631,3,8596,497,1993.8,1922.6,39
489,25.33,20.0,1923,1900,4667,552552,115,59,3,6.0,100.0,939.5,2651867075,3,8611,497,1993.8,1922.6,39
490,25.76,20.0,1959,1919,4682,555113,107,59,3,5.1,100.0,936.7,2652098803,3,8616,497,1993.8,1922.6,39
491,46.31,20.0,1886,1934,4661,547582,4,56,2,4.1,100.0,933.8,2651161323,3,8559,499,1993.8,1922.6,39
492,18.77,20.0,1888,2015,4723,551365,288,56,3,2.3,100.0,928.4,2651896119,3,8563,499,1994.7,1923.4,39
493,34.08,20.0,1892,2019,4714,544768,240,58,2,1.6,100.0,926.2,2654585267,3,8611,499,1995.5,1924.2,39
494,23.48,20.0,1894,1978,4665,539648,190,58,2,0.2,100.0,922.0,2657359267,3,8660,499,1995.7,1924.4,39
495,57.68,20.0,1617,1952,4634,543162,89,55,1,-0.7,100.0,919.1,2658917571,3,8680,499,1999.0,1927.7,39
496,36.02,20.0,1617,1789,4421,529845,56,55,1,-3.2,100.0,911.8,2657303439,3,8467,499,2002.9,1931.6,39
497,24.16,20.0,1617,1577,4093,512406,6,55,1,-4.7,100.0,907.2,2655875475,3,8365,499,2003.3,1932.0,39
498,14.34,20.0,1619,1516,4003,502705,113,55,3,-5.8,100.0,903.9,2656287007,3,8371,499,2004.9,1933.6,39
499,25.61,20.0,1619,1500,3948,496121,71,57,1,-6.4,100.0,902.0,2657247583,3,8421,499,2005.2,1933.9,39
500,17.52,20.0,1620,1436,3877,493869,182,57,2,-7.6,100.0,898.6,2657934323,3,8471,499,2004.9,1933.6,39
501,123.88,20.0,1620,1402,3831,497559,132,57,2,-8.4,100.0,896.2,2658331487,3,8521,499,2922.9,2851.6,39
502,27.30,20.0,1620,1355,3756,490124,82,58,1,-14.3,100.0,878.6,2658761083,3,8571,499,2010.9,1939.6,39
503,21.37,20.0,1620,1147,3289,461304,32,58,1,-15.6,100.0,874.6,2659143423,3,8621,499,2010.9,1939.6,39
504,12.66,20.0,1620,1129,3257,459250,0,58,1,-16.6,100.0,871.4,2659482871,3,8653,499,2010.9,1939.6,39
505,17.55,20.0,1620,1108,3193,456674,0,58,0,-17.3,100.0,869.6,2659510135,3,8653,499,2010.9,1939.6,39
506,9.33,25.0,1620,1071,3154,450472,0,58,0,-18.2,100.0,866.9,2659634443,3,8653,499,2010.9,1939.6,39
507,20.35,25.0,1624,1063,3134,447108,0,58,0,-18.6,100.0,865.5,2659764127,3,8652,499,2010.9,1939.6,39
508,8.90,25.0,1624,1051,3101,446909,0,58,0,-19.6,100.0,862.4,2659845267,3,8652,499,2010.9,1939.6,39
509,17.07,25.0,1624,1040,3080,445361,0,58,0,-20.1,100.0,861.1,2659941791,3,8652,499,2010.9,1939.6,39
510,17.96,25.0,1624,1038,3067,444353,0,58,0,-21.0,100.0,858.5,2662129395,3,8652,499,2010.9,1939.6,39
511,27.77,25.0,1644,1045,3042,444965,0,58,0,-21.9,100.0,855.7,2664394095,3,8651,499,2012.5,1941.3,39
512,18.78,25.0,1644,1054,3004,444836,0,58,0,-23.3,100.0,851.4,2666611063,3,8651,499,2012.9,1941.6,39
513,34.71,25.0,1644,1061,3010,445303,0,58,0,-24.3,100.0,848.4,2670937571,3,8651,499,2013.9,1942.6,39
514,9.92,25.0,1644,1057,2982,442183,0,58,0,-26.1,100.0,842.9,2671045623,3,8651,499,2015.9,1944.6,39
515,19.71,25.0,1664,1057,2938,437188,0,58,0,-26.7,100.0,841.4,2671194867,3,8650,499,2016.5,1945.3,39
516,8.55,25.0,1664,1047,2859,431664,0,58,0,-27.7,100.0,838.2,2671276223,3,8650,499,2015.9,1944.6,39
517,17.61,25.0,1664,1039,2848,431218,0,58,0,-28.2,100.0,836.8,2671388679,3,8650,499,2015.9,1944.6,39
518,8.55,25.0,1664,1007,2809,425448,0,58,0,-29.1,100.0,834.0,2671479319,3,8650,499,2015.9,1944.6,39
519,19.57,25.0,1668,1004,2794,425128,0,58,0,-29.6,100.0,832.6,2671601119,3,8649,499,2015.9,1944.6,39
520,9.57,25.0,1668,984,2745,418852,0,58,0,-30.6,100.0,829.4,2671710795,3,8649,499,2015.9,1944.6,39
521,128.27,25.0,1668,955,2684,411670,0,58,0,-31.2,100.0,827.9,2671825207,3,8649,499,2943.9,2872.6,39
522,59.29,25.0,1349,889,2557,395402,0,51,0,-38.3,100.0,806.6,2670807087,3,8649,499,2025.9,1954.6,39
523,17.95,25.0,1349,862,2504,391640,0,51,0,-41.6,100.0,796.6,2670849831,3,8649,499,2025.9,1954.6,39
524,15.64,25.0,1351,832,2419,376101,271,51,2,-42.6,100.0,793.5,2671393447,3,8649,499,2028.0,1956.7,39
525,27.80,25.0,1351,840,2468,383870,238,51,2,-43.5,100.0,790.8,2670270463,3,8548,499,2028.3,1957.0,39
526,28.51,25.0,1351,783,2414,373470,188,51,2,-45.1,100.0,786.0,2667534359,3,8262,499,2028.4,1957.1,39
527,31.67,25.0,1351,800,2449,375319,138,51,2,-46.8,100.0,781.1,2668746879,3,8196,499,2028.3,1957.0,39
528,20.50,25.0,1353,827,2503,387437,306,51,4,-48.6,100.0,775.6,2669617187,3,8246,499,2029.6,1958.3,39
529,20.97,25.0,1353,808,2465,382444,257,51,4,-49.8,100.0,772.0,2669974419,3,8296,499,2029.9,1958.7,39
530,20.05,25.0,1355,824,2499,383547,540,51,6,-51.0,100.0,768.4,2670809723,3,8346,499,2030.3,1959.0,39
531,21.81,25.0,1375,819,2441,375941,492,51,6,-52.2,100.0,764.9,2671398007,3,8395,499,2031.4,1960.1,39
532,14.36,25.0,1375,844,2467,378852,442,51,6,-53.4,100.0,761.0,2671850147,3,8445,499,2030.3,1959.0,39
533,134.82,25.0,1375,833,2420,373912,392,51,6,-54.3,100.0,758.5,2672382727,3,8495,499,2960.3,2889.0,39
534,22.97,28.0,1375,790,2319,362449,342,51,6,-62.3,100.0,734.6,2672737811,3,8545,499,2032.3,1961.0,39
535,25.41,28.0,1299,781,2239,359855,292,51,6,-63.6,100.0,730.5,2673132639,3,8595,499,2032.3,1961.0,39
536,15.65,28.0,1299,791,2320,371439,242,51,6,-65.2,100.0,725.9,2673716227,3,8645,499,2032.3,1961.0,39
537,22.30,28.0,1299,860,2371,387032,192,51,6,-66.1,100.0,723.1,2674300607,3,8695,499,2032.3,1961.0,39
538,14.15,28.0,1299,921,2434,399462,142,51,6,-67.4,100.0,719.1,2674722599,3,8745,499,2032.3,1961.0,39
539,22.36,28.0,1299,967,2488,413394,92,51,6,-68.3,100.0,716.6,2675222175,3,8795,499,2032.3,1961.0,39
540,18.20,28.0,1300,915,2490,420481,176,57,6,-69.6,100.0,712.5,2675797451,3,8845,499,2032.3,1961.1,39
541,24.31,28.0,1300,905,2471,417344,127,58,5,-70.7,100.0,709.3,2676117435,3,8895,500,2032.4,1961.1,39
542,14.62,28.0,1300,916,2477,420088,77,58,5,-72.2,100.0,704.9,2676514115,3,8945,500,2032.3,1961.1,39
543,22.32,28.0,1300,894,2434,415353,27,58,5,-73.0,100.0,702.3,2677081731,3,8995,500,2032.3,1961.1,39
544,46.84,28.0,1154,864,2378,408394,0,50,3,-74.4,100.0,698.3,2676665627,3,9021,500,2032.3,1961.1,39
545,17.99,28.0,1154,836,2311,397056,0,50,1,-77.2,100.0,689.8,2676799319,3,9021,500,2032.3,1961.1,39
546,25.00,28.0,1156,814,2243,386104,115,50,2,-78.3,100.0,686.6,2679970683,3,9021,500,2050.5,1979.1,39
547,131.50,28.0,1156,841,2263,400821,228,50,2,-79.8,100.0,682.1,2688907079,3,8909,500,2087.2,2013.9,39
548,27.08,28.0,1156,927,2258,404130,178,50,2,-87.6,100.0,658.5,2688461203,3,8820,515,2086.5,2013.1,39
549,30.72,28.0,1166,887,2235,389732,149,50,2,-89.2,100.0,653.7,2686953147,3,8604,517,2086.8,2013.5,39
550,34.99,28.0,1186,865,2191,382023,107,50,2,-91.1,100.0,648.2,2684271535,3,8336,524,2086.8,2013.5,39
551,30.78,28.0,1216,928,2239,383402,76,50,2,-93.1,100.0,642.0,2683770043,3,8253,527,2087.1,2013.8,39
552,29.34,28.0,1218,966,2351,390277,205,50,4,-95.0,100.0,636.5,2685424457,3,8303,537,2089.5,2016.0,39
553,82.19,28.0,1218,1065,2426,410588,226,50,4,-96.7,100.0,631.3,2688529375,3,8353,551,2097.0,2022.8,39
554,35.38,28.0,1220,1102,2405,411601,372,50,6,-101.5,100.0,616.9,2691854011,3,8403,562,2108.3,2034.0,39
555,134.53,28.0,1220,1121,2384,418152,474,50,6,-103.5,100.0,610.7,2699695611,3,8453,564,2130.7,2055.4,39
556,23.06,22.0,1220,1048,2338,412763,424,50,6,-111.2,100.0,587.7,2700920655,3,8503,578,2130.4,2055.1,39
557,53.35,22.0,1013,1030,2345,413452,396,48,6,-112.5,100.0,583.8,2700571575,3,8531,580,2131.8,2056.5,39
558,21.12,22.0,1013,1012,2392,419973,346,48,6,-115.5,100.0,574.8,2699169387,3,8387,580,2131.5,2056.2,39
559,24.88,22.0,1013,1042,2450,428444,296,48,6,-116.7,100.0,571.3,2698100355,3,8289,582,2131.7,2056.4,39
560,38.80,22.0,932,1063,2498,435621,246,44,4,-118.1,100.0,567.2,2698089855,3,8339,582,2133.8,2058.5,39
561,34.41,22.0,932,1103,2568,440155,196,44,4,-120.2,100.0,560.8,2697067299,3,8192,585,2134.4,2059.1,39
562,24.02,22.0,932,1080,2536,428190,145,44,4,-122.0,100.0,555.3,2695904927,3,8059,589,2134.3,2058.9,39
563,26.71,22.0,944,1088,2561,429784,113,44,4,-123.3,100.0,551.4,2696524443,3,8090,590,2134.7,2059.3,39
564,32.64,22.0,944,1041,2495,413823,104,44,4,-124.7,100.0,547.1,2699034131,3,8099,591,2136.5,2061.2,39
565,40.07,22.0,968,1100,2563,419412,56,44,4,-126.5,100.0,542.0,2702024607,3,8145,592,2137.8,2062.5,39
566,35.16,22.0,968,1119,2560,418515,6,44,4,-128.6,100.0,535.7,2703208079,3,8056,592,2139.3,2064.0,39
567,24.00,22.0,972,1022,2431,395107,0,44,2,-130.4,100.0,530.3,2700265319,3,7752,592,2141.6,2066.3,39
568,19.28,22.0,972,987,2360,382606,0,44,0,-131.6,100.0,526.6,2695748427,3,7306,592,2140.8,2065.5,39
569,21.17,22.0,972,960,2313,379087,0,44,0,-132.6,100.0,523.7,2692935855,3,7036,592,2140.8,2065.5,39
570,24.89,22.0,974,946,2301,376593,226,44,2,-133.6,100.0,520.5,2697063275,3,6852,592,2160.0,2084.6,39
571,138.71,22.0,974,914,2263,366078,364,44,2,-134.9,100.0,516.8,2699350943,3,6883,599,3106.6,3030.5,39
572,41.82,22.0,974,894,2126,345458,347,44,2,-141.5,100.0,496.8,2700159183,3,6900,599,2177.6,2101.4,39
573,27.72,22.0,974,903,2092,338058,305,44,2,-143.4,100.0,491.1,2700969175,3,6942,599,2178.4,2102.2,39
574,80.92,22.0,974,919,2084,338928,291,44,2,-144.7,100.0,487.3,2714637987,3,6956,599,2182.0,2105.8,39
575,46.27,19.0,1022,947,2060,337170,285,44,2,-148.2,100.0,476.7,2719320671,3,6958,599,2185.9,2109.7,39
576,47.77,19.0,1058,939,2037,333243,278,44,2,-150.2,100.0,470.8,2724071855,3,6962,599,2189.5,2113.3,39
577,64.17,19.0,647,918,2092,334951,228,40,2,-152.1,100.0,465.0,2727417083,3,7012,599,2191.3,2115.1,39
578,38.29,19.0,649,896,2125,339024,541,40,4,-154.7,100.0,457.4,2730369135,3,7062,599,2200.3,2123.7,39
579,134.54,19.0,673,950,2215,349336,644,42,3,-156.1,100.0,453.0,2744261407,3,7098,611,3189.4,3111.8,39
580,39.94,19.0,673,968,2329,346867,594,42,3,-160.9,100.0,438.8,2742129043,3,6892,623,2255.3,2177.7,39
581,30.17,19.0,721,992,2335,346360,585,42,3,-162.2,100.0,434.9,2742574355,3,6897,627,2255.4,2177.8,39
582,28.61,19.0,769,953,2281,331862,581,42,3,-163.1,100.0,432.1,2742897559,3,6897,627,2255.4,2177.8,39
583,121.60,19.0,817,938,2256,326144,577,42,3,-164.0,100.0,429.4,2740175199,3,6595,627,3219.4,3141.8,39
584,45.69,9.0,877,936,2253,325121,572,42,3,-167.4,100.0,419.3,2738582307,3,6392,627,2259.4,2181.8,39
585,41.74,9.0,937,891,2165,306337,567,42,3,-168.5,100.0,415.9,2733797163,3,5950,627,2259.4,2181.8,39
586,29.58,9.0,961,883,2166,299804,546,42,3,-169.5,100.0,413.0,2734254867,3,5969,631,2260.1,2182.5,39
587,24.16,9.0,961,846,2256,302212,496,42,3,-170.1,100.0,411.0,2734908443,3,6019,631,2259.9,2182.3,39
588,29.44,9.0,963,852,2397,309347,660,42,5,-170.6,100.0,409.5,2739746289,3,6069,631,2267.8,2190.1,39
589,135.58,9.0,963,896,2452,318923,680,42,5,-171.2,100.0,407.8,2741219603,3,6119,639,2282.4,2204.3,39
590,25.71,9.0,963,927,2500,327131,630,42,5,-173.4,100.0,401.1,2742000435,3,6169,647,2282.9,2204.7,39
591,22.22,9.0,967,957,2579,340504,580,42,5,-173.8,100.0,400.1,2742567627,3,6217,647,2282.5,2204.3,39
592,26.96,9.0,969,979,2690,349288,798,44,6,-174.0,100.0,399.3,2744265403,3,6267,647,2288.8,2210.6,39
593,51.23,9.0,969,984,2691,348537,890,44,6,-174.3,100.0,398.4,2745361403,3,6317,647,2289.1,2210.9,39
594,16.61,9.0,969,986,2700,346590,840,44,6,-174.8,100.0,396.9,2745898655,3,6367,648,2288.8,2210.6,39
595,24.92,9.0,969,989,2816,350183,795,44,6,-174.9,100.0,396.6,2746565315,3,6412,649,2289.3,2211.1,39
596,25.02,9.0,987,988,2813,349482,745,44,6,-175.1,100.0,396.0,2747219199,3,6453,649,2289.9,2211.7,39
597,25.06,9.0,987,1007,2966,356186,695,44,6,-175.3,100.0,395.6,2747955967,3,6503,649,2289.7,2211.5,39
598,19.22,9.0,987,1027,3128,368392,645,44,6,-175.4,100.0,395.3,2748727135,3,6553,649,2289.7,2211.4,39
599,21.87,9.0,987,1030,3153,369137,636,44,6,-175.4,100.0,395.1,2749204891,3,6562,649,2290.4,2212.2,39
600,25.14,9.0,987,1044,3249,374321,594,44,6,-175.5,100.0,394.9,2750041431,3,6604,649,2292.4,2214.1,39
601,27.94,9.0,987,1051,3293,377266,570,44,6,-175.5,100.0,394.8,2750606499,3,6628,649,2294.9,2216.7,39
602,25.87,9.0,987,1062,3317,380413,561,44,6,-175.5,100.0,394.7,2751156887,4,6637,649,2297.2,2219.0,39
603,138.54,9.0,419,957,1818,319804,0,26,1,324.5,100.0,394.7,2751119071,4,6674,649,2297.0,2218.8,39
604,124.57,9.0,419,254,589,138350,0,26,0,324.5,100.0,394.7,2751251743,4,6674,649,2297.9,2219.6,39
605,15.32,9.0,419,254,589,138350,0,26,0,324.5,100.0,394.7,2749615539,4,6488,649,2297.9,2219.6,39
606,14.71,9.0,421,253,588,138348,90,26,2,324.5,100.0,394.7,2750356315,4,6488,649,2304.0,2225.8,39
607,136.89,23.0,465,265,601,140372,120,26,2,324.5,100.0,394.7,2751635891,4,6417,649,3273.8,3195.3,39
608,42.48,23.0,496,274,613,142694,116,26,2,324.5,100.0,394.7,2747421051,4,6098,649,2309.8,2231.3,39
609,27.02,23.0,560,289,628,145068,108,26,2,324.5,100.0,394.7,2747815563,4,6106,649,2309.8,2231.3,39
610,22.33,23.0,602,298,640,147144,103,26,2,324.5,100.0,394.7,2748036611,4,6111,649,2309.8,2231.3,39
611,26.68,23.0,645,310,661,154936,98,26,2,324.5,100.0,394.7,2747185595,4,6016,649,2309.9,2231.3,39
612,30.21,23.0,666,343,749,173150,48,26,2,324.5,100.0,394.7,2744371691,4,5724,654,2309.8,2231.3,39
613,30.87,23.0,718,351,787,179158,17,26,2,324.5,100.0,394.7,2743469107,4,5556,657,2309.8,2231.3,39
614,35.56,23.0,849,347,788,179522,13,28,1,324.5,100.0,394.7,2741767035,4,5264,657,2309.5,2231.0,39
615,31.80,23.0,932,347,788,179522,7,28,1,324.5,100.0,394.7,2741383159,4,5149,657,2309.8,2231.3,39
616,34.67,23.0,1021,348,789,179876,1,28,1,324.5,100.0,394.7,2739804051,4,4916,657,2310.0,2231.5,39
617,18.31,23.0,1084,349,790,179878,0,28,1,324.5,100.0,394.7,2738533015,4,4727,657,2310.0,2231.5,39
618,28.35,23.0,1086,349,790,179878,133,28,2,324.5,100.0,394.7,2738834507,4,4497,657,2318.3,2239.5,89
619,140.59,23.0,1148,380,835,186206,332,28,2,324.5,100.0,394.7,2743607095,4,4274,661,2350.0,2270.3,89
620,37.41,23.0,1175,422,881,187766,318,28,2,324.5,100.0,394.7,2740900907,4,3926,671,2347.0,2267.2,89
621,29.11,23.0,1229,461,918,192520,308,28,2,324.5,100.0,394.7,2741367755,4,3936,674,2348.0,2268.2,89
622,30.39,23.0,1268,562,1049,199230,288,28,2,324.5,100.0,394.7,2742099699,4,3956,685,2347.5,2267.7,89
623,26.01,23.0,1301,581,1084,208243,238,28,2,324.5,100.0,394.7,2742792295,4,4006,691,2346.6,2266.9,89
624,25.79,23.0,1303,581,1084,208243,326,28,4,324.5,100.0,394.7,2743895757,4,4056,691,2348.9,2269.0,105
625,88.48,18.0,681,140,269,54680,152,4,3,824.5,100.0,394.7,2742344859,4,4106,691,2349.4,2269.4,105
626,131.10,18.0,681,4,88,29898,102,4,2,824.5,100.0,394.7,2742916655,4,4156,691,2349.3,2269.3,105
627,19.02,18.0,681,4,87,29896,50,4,2,824.5,100.0,394.7,2743546891,4,4206,691,2350.2,2270.2,105
628,18.02,18.0,689,4,85,29892,0,4,2,824.5,100.0,394.7,2742118279,4,4014,691,2349.7,2269.7,105
629,22.69,18.0,49,4,84,29890,241,4,2,824.5,100.0,394.7,2740274547,4,3919,691,2350.9,2270.8,105
630,34.32,18.0,55,4,85,29892,255,4,2,824.5,100.0,394.7,2738442963,4,3669,693,2351.4,2271.3,105
631,27.91,18.0,85,4,85,29892,247,4,2,824.5,100.0,394.7,2737884203,4,3569,693,2351.6,2271.5,105
632,22.28,18.0,109,7,88,30012,228,4,2,824.5,100.0,394.7,2738136207,4,3588,693,2352.1,2272.0,105
633,24.32,18.0,134,7,89,30014,197,4,2,824.5,100.0,394.7,2737107311,4,3516,693,2351.5,2271.3,105
634,22.41,18.0,138,7,89,30014,147,4,2,824.5,100.0,394.7,2735585495,4,3399,693,2351.5,2271.3,105
635,28.52,18.0,169,7,89,30014,107,4,2,824.5,100.0,394.7,2734133703,4,3164,693,2352.1,2272.0,105
636,28.44,18.0,214,13,95,32742,104,4,2,824.5,100.0,394.7,2732605783,4,2951,693,2352.3,2272.2,105
637,26.88,18.0,264,20,104,35803,100,4,2,824.5,100.0,394.7,2731656823,4,2804,693,2352.1,2272.0,105
638,23.49,18.0,309,29,113,37489,97,4,2,824.5,100.0,394.7,2731956899,4,2807,693,2352.4,2272.2,105
639,27.30,18.0,350,35,120,39862,92,4,2,824.5,100.0,394.7,2730692511,4,2661,693,2352.5,2272.2,105
640,28.14,18.0,403,41,130,42848,88,4,2,824.5,100.0,394.7,2729341243,4,2507,693,2352.3,2272.2,105
641,27.64,18.0,449,45,138,44218,84,4,2,824.5,100.0,394.7,2728121015,4,2355,693,2352.3,2272.2,105
642,25.77,18.0,493,48,144,46012,79,4,2,824.5,100.0,394.7,2727105771,4,2214,694,2352.1,2272.0,105
643,26.07,18.0,532,54,152,46607,74,4,2,824.5,100.0,394.7,2725873803,4,2071,695,2351.5,2271.3,105
644,39.74,18.0,577,56,160,47473,71,4,2,824.5,100.0,394.7,2722954451,4,1753,695,2351.9,2271.8,105
645,31.55,18.0,610,64,168,47978,66,4,2,824.5,100.0,394.7,2720691427,4,1476,695,2351.5,2271.3,105
646,31.84,18.0,663,73,177,50030,60,4,2,824.5,100.0,394.7,2718409871,4,1180,695,2352.1,2272.0,105
647,30.21,18.0,693,78,182,51696,56,4,2,824.5,100.0,394.7,2715723807,4,891,695,2352.1,2272.0,105
648,28.50,18.0,732,79,187,53741,53,4,2,824.5,100.0,394.7,2713177695,4,570,695,2352.1,2272.0,105
649,24.93,18.0,777,79,194,57087,50,4,2,824.5,100.0,394.7,2713459031,4,573,695,2352.5,2272.2,105
650,23.44,18.0,831,81,203,58998,45,4,2,824.5,100.0,394.7,2713772787,4,578,695,2352.3,2272.2,105
651,19.82,18.0,858,81,206,59106,41,4,2,824.5,100.0,394.7,2713989607,4,582,695,2352.1,2272.0,105
652,17.58,18.0,896,81,212,60797,38,4,2,824.5,100.0,394.7,2714231643,4,585,695,2352.3,2272.2,105
653,20.11,18.0,930,81,214,61780,36,4,2,824.5,100.0,394.7,2714467143,4,587,695,2352.5,2272.2,105
654,18.65,18.0,964,78,219,64508,34,4,2,824.5,100.0,394.7,2714745711,4,589,695,2352.3,2272.2,105
655,16.93,18.0,995,76,218,64508,32,4,2,824.5,100.0,394.7,2714999943,4,591,695,2352.4,2272.2,105
656,20.43,18.0,1029,69,220,65761,30,4,2,824.5,100.0,394.7,2715098323,4,593,695,2352.3,2272.2,105
657,21.18,32.0,1060,69,221,65763,28,4,2,824.5,100.0,394.7,2715307851,4,595,695,2352.4,2272.2,105
658,21.75,32.0,1099,64,222,65887,25,4,2,824.5,100.0,394.7,2715549115,4,598,695,2352.4,2272.2,105
659,19.21,32.0,1130,64,222,65887,23,4,2,824.5,100.0,394.7,2715826907,4,600,695,2352.4,2272.2,105
660,27.54,32.0,1118,4,87,29896,0,2,2,1324.5,100.0,394.7,2716088931,4,623,695,2351.4,2271.3,105
661,141.05,32.0,1118,4,85,29892,0,2,0,1324.5,100.0,394.7,2714455483,4,453,695,2351.4,2271.3,105
662,17.86,32.0,1120,4,86,29894,272,2,2,1324.5,100.0,394.7,2713057359,4,279,695,2351.4,2271.3,203
663,34.83,32.0,81,4,87,29896,570,2,4,1324.5,100.0,394.7,2712590553,4,307,695,2355.9,2275.4,204
664,61.18,32.0,154,16,97,32229,578,2,4,1324.5,100.0,394.7,2715083619,4,315,698,2356.2,2275.3,204
665,26.81,32.0,240,24,113,34767,572,2,4,1324.5,100.0,394.7,2715441987,4,321,698,2356.8,2275.9,204
666,21.62,32.0,305,27,116,35341,553,2,4,1324.5,100.0,394.7,2715991315,4,340,700,2357.6,2276.7,204
667,26.37,32.0,361,46,135,42092,549,2,4,1324.5,100.0,394.7,2716306027,4,344,700,2356.6,2275.7,204
668,20.67,32.0,406,63,152,47242,546,2,4,1324.5,100.0,394.7,2716527987,4,347,700,2356.4,2275.5,204
669,19.68,32.0,457,75,185,59633,543,2,4,1324.5,100.0,394.7,2716835259,4,350,700,2356.6,2275.7,204
670,23.43,32.0,506,91,208,64605,539,2,4,1324.5,100.0,394.7,2717057175,4,354,700,2356.6,2275.7,204
671,23.18,32.0,557,97,235,71480,534,2,4,1324.5,100.0,394.7,2717410815,4,359,700,2356.6,2275.7,204
672,21.26,32.0,611,110,255,76649,529,2,4,1324.5,100.0,394.7,2717704007,4,364,700,2356.4,2275.5,204
673,20.01,32.0,652,115,269,79525,524,2,4,1324.5,100.0,394.7,2717952395,4,369,700,2356.4,2275.5,204
674,20.65,32.0,682,122,285,80593,517,2,4,1324.5,100.0,394.7,2718145727,4,376,700,2355.7,2274.9,204
675,21.49,32.0,716,132,301,82609,512,2,4,1324.5,100.0,394.7,2718355543,4,381,700,2356.4,2275.5,204
676,20.63,32.0,753,143,316,85847,507,2,4,1324.5,100.0,394.7,2718639463,4,386,700,2356.4,2275.5,204
677,34.44,32.0,777,143,328,86615,501,2,4,1324.5,100.0,394.7,2725427741,4,392,700,2355.7,2274.9,204
678,21.66,32.0,808,147,341,88403,495,2,4,1324.5,100.0,394.7,2725342803,4,398,700,2359.4,2278.5,204
679,21.44,32.0,865,157,358,93202,490,2,4,1324.5,100.0,394.7,2725684095,4,403,700,2359.4,2278.5,204
680,20.41,32.0,909,167,376,96808,486,2,4,1324.5,100.0,394.7,2725936267,4,407,700,2359.4,2278.5,204
681,19.65,32.0,944,178,392,99140,482,2,4,1324.5,100.0,394.7,2726180543,4,411,700,2359.4,2278.5,204
682,22.81,32.0,988,192,411,105629,477,2,4,1324.5,100.0,394.7,2726469363,4,416,700,2359.8,2278.7,204
683,139.96,32.0,1024,204,427,108071,473,2,4,1324.5,100.0,394.7,2726694499,4,420,700,3331.4,3250.5,204
684,34.26,27.0,1058,211,445,110475,469,2,4,1324.5,100.0,394.7,2726881595,4,424,700,2365.4,2284.5,204
685,21.85,27.0,1107,223,462,114623,464,2,4,1324.5,100.0,394.7,2727194963,4,429,700,2365.6,2284.7,204
686,20.47,27.0,1143,228,476,119833,461,2,4,1324.5,100.0,394.7,2727414799,4,432,700,2365.4,2284.5,204
687,21.68,27.0,1186,229,487,122067,455,2,4,1324.5,100.0,394.7,2727645383,4,438,700,2365.4,2284.5,204
688,26.74,27.0,1247,235,501,126868,450,2,4,1324.5,100.0,394.7,2728020791,4,443,700,2365.8,2284.7,204
689,20.89,27.0,1286,241,512,127772,444,2,4,1324.5,100.0,394.7,2728236447,4,449,700,2364.7,2283.9,204
690,22.86,27.0,1330,247,521,129911,439,2,4,1324.5,100.0,394.7,2728525495,4,454,700,2365.8,2284.7,204
691,21.61,27.0,1379,252,534,133941,435,2,4,1324.5,100.0,394.7,2728834947,4,458,700,2365.6,2284.7,204
692,23.00,27.0,1436,260,545,137501,430,2,4,1324.5,100.0,394.7,2729143543,5,463,700,2365.6,2284.7,204
693,20.22,27.0,1474,248,564,146479,426,2,4,1324.3,100.0,394.8,2729435259,5,467,700,2365.4,2284.5,204
694,17.51,27.0,1502,189,534,137822,424,2,4,1323.9,100.0,395.0,2729687899,5,469,700,2365.8,2284.7,204
695,20.20,27.0,1552,186,530,134017,420,2,4,1323.4,100.0,395.2,2730006487,5,473,700,2365.4,2284.5,204
696,20.89,27.0,1594,186,534,135386,416,2,4,1322.6,100.0,395.5,2730276023,5,477,700,2365.6,2284.7,204
697,40.88,27.0,1647,192,542,137114,411,2,4,1321.6,100.0,395.9,2735080866,5,482,700,2365.4,2284.5,204
698,22.87,27.0,1689,195,549,140155,406,2,4,1318.9,100.0,397.0,2735058923,5,487,700,2367.6,2286.7,204
699,23.80,27.0,1738,207,559,143541,402,2,4,1317.0,100.0,397.7,2735404479,5,491,700,2367.8,2286.7,204
700,24.70,27.0,1788,205,556,143289,398,2,4,1314.7,100.0,398.6,2735722339,5,495,700,2367.6,2286.7,204
701,21.90,27.0,1827,202,556,146821,394,2,4,1312.0,100.0,399.7,2735974887,5,499,700,2367.8,2286.7,204
702,22.17,27.0,1866,198,547,142783,389,2,4,1309.4,100.0,400.8,2736206035,5,504,700,2367.4,2286.5,204
703,131.17,27.0,1893,189,529,139012,384,2,4,1306.5,100.0,401.9,2736416967,5,509,700,3342.7,3261.9,204
704,80.39,27.0,1926,151,484,120743,379,2,4,1284.6,100.0,410.7,2736688671,5,514,700,2371.8,2290.7,204
705,31.72,27.0,1961,260,537,138735,374,2,4,1267.3,100.0,417.6,2736914743,5,519,700,2370.7,2289.9,204
706,21.48,27.0,1989,326,568,148549,368,2,4,1259.7,100.0,420.7,2737114311,5,525,700,2371.4,2290.5,204
707,22.96,27.0,2034,250,524,133322,365,2,4,1254.3,100.0,422.8,2737429723,5,528,700,2371.6,2290.7,204
708,20.88,27.0,2085,195,495,125792,362,2,4,1248.3,100.0,425.2,2737790003,5,531,700,2371.6,2290.7,204
709,35.62,27.0,2123,177,487,123989,359,2,4,1242.7,100.0,427.5,2740275399,5,534,700,2371.6,2290.7,204
710,22.78,27.0,2164,166,483,123259,353,2,4,1232.7,100.0,431.5,2740503843,5,540,700,2372.4,2291.5,204
711,20.14,27.0,2200,138,469,119507,349,2,4,1226.0,100.0,434.1,2740733935,5,544,700,2372.4,2291.5,204
712,20.22,28.0,2236,125,462,115245,345,2,4,1219.9,100.0,436.5,2740953571,5,548,700,2372.4,2291.5,204
713,21.17,28.0,2269,129,462,113945,340,2,4,1213.7,100.0,439.0,2741178823,5,553,700,2372.4,2291.5,204
714,21.02,28.0,2315,131,462,113945,335,2,4,1207.0,100.0,441.7,2741470319,5,558,700,2371.7,2290.9,204
715,136.64,28.0,2352,127,462,114545,330,2,4,1200.2,100.0,444.4,2741681007,5,563,700,3349.7,3268.9,204
716,63.46,28.0,2413,133,462,117195,323,2,4,1152.2,100.0,463.7,2742047235,5,570,700,2374.6,2293.7,204
717,48.65,28.0,2468,266,518,130086,319,2,4,1127.8,100.0,473.4,2742383275,5,574,700,2374.6,2293.7,204
718,25.04,28.0,2519,176,416,117008,312,2,4,1108.2,100.0,481.2,2742618851,5,581,700,2374.4,2293.5,204
719,20.70,28.0,2554,124,370,99945,308,2,4,1097.8,100.0,485.4,2742848679,5,585,700,2374.4,2293.5,204
720,19.08,28.0,2577,118,364,98733,303,2,4,1089.2,100.0,488.9,2743039375,5,590,700,2373.7,2292.9,204
721,20.63,28.0,1929,98,338,91614,253,2,4,1081.1,100.0,492.1,2741436491,5,640,700,2374.4,2293.5,468
722,16.15,28.0,1931,82,311,86710,423,2,6,1072.2,100.0,495.7,2742201763,5,690,700,2373.7,2292.9,468
723,21.10,28.0,1813,62,281,80950,373,8,5,1065.1,100.0,498.5,2742331555,5,740,700,2374.4,2293.5,469
724,19.03,28.0,1834,50,248,78768,352,8,5,1055.8,100.0,502.2,2742683823,5,761,700,2374.4,2293.5,469
725,39.43,28.0,1867,49,236,74784,348,8,4,1047.4,100.0,505.6,2742811139,5,765,700,2374.4,2293.5,469
726,25.72,28.0,1923,52,230,72708,339,8,4,1029.5,100.0,512.7,2743222587,5,774,700,2374.4,2293.5,469
727,22.21,28.0,1962,65,173,60119,336,8,4,1017.6,100.0,517.5,2743439403,5,777,700,2374.6,2293.7,469
728,21.77,28.0,1997,64,166,56376,333,8,4,1007.3,100.0,521.6,2743677855,5,780,700,2374.4,2293.5,469
729,18.56,28.0,2036,35,125,41984,330,8,4,997.0,100.0,525.7,2743866019,5,783,700,2374.4,2293.5,469
730,29.18,28.0,2080,14,100,34808,325,8,4,988.2,100.0,529.3,2746265963,5,788,700,2374.8,2293.7,469
731,24.15,28.0,2119,17,102,35600,321,8,4,974.1,100.0,534.9,2746459687,5,792,700,2375.6,2294.7,469
732,19.82,28.0,2156,13,97,33620,316,8,4,962.4,100.0,539.6,2746709499,5,797,700,2375.4,2294.5,469
733,17.98,28.0,2188,7,89,31624,309,8,4,952.6,100.0,543.5,2746996847,5,804,700,2375.6,2294.7,469
734,21.91,28.0,2194,4,85,29892,550,8,6,943.7,100.0,547.0,2748051915,5,854,700,2375.8,2294.9,508
735,137.08,28.0,2230,7,88,30432,459,9,5,932.8,100.0,551.4,2747768451,5,804,702,3355.2,3274.3,508
736,38.39,24.0,2281,4,86,29894,452,9,5,862.5,100.0,579.5,2748026599,5,811,702,2377.8,2296.9,508
737,55.64,24.0,2336,4,85,29892,447,9,5,842.3,100.0,587.6,2748176199,5,816,702,2377.9,2296.9,508
738,82.12,24.0,1846,4,85,29892,325,7,3,812.6,100.0,599.5,2745962259,5,764,702,2377.8,2296.9,508
739,38.06,24.0,1868,4,85,29892,275,7,3,768.2,100.0,617.3,2745389507,5,688,702,2378.2,2297.1,508
740,17.30,24.0,1870,4,85,29892,363,7,5,747.3,100.0,625.6,2747002843,5,738,702,2383.9,2302.9,535
741,54.20,24.0,1898,4,85,29892,373,7,5,737.8,100.0,629.4,2748296915,5,740,702,2384.7,2303.5,535
742,24.40,24.0,1978,4,85,29892,370,7,5,707.9,100.0,641.4,2748690575,5,743,703,2386.3,2305.1,535
743,60.60,24.0,1793,4,85,29892,368,7,5,694.3,100.0,646.8,2748224399,5,745,703,2386.2,2305.0,535
744,34.20,24.0,1579,4,85,29892,365,7,5,660.5,100.0,660.3,2745334239,5,488,703,2386.2,2305.0,535
745,28.91,24.0,1369,4,85,29892,331,7,5,641.4,100.0,668.0,2745320351,5,521,703,2386.2,2305.0,535
746,27.61,24.0,1090,4,85,29892,297,7,4,625.2,100.0,674.5,2744764167,5,554,703,2384.1,2302.9,535
747,25.37,24.0,1023,4,85,29892,291,7,4,609.7,100.0,680.7,2744695643,5,560,703,2384.7,2303.5,535
748,21.43,24.0,1029,4,85,29892,470,7,6,595.4,100.0,686.4,2747095143,5,608,703,2392.9,2311.5,558
749,119.47,24.0,663,4,85,29892,474,8,5,583.4,100.0,691.2,2746372115,5,514,703,2393.2,2311.8,558
750,53.48,24.0,688,4,85,29892,469,7,5,516.2,100.0,718.0,2745402839,5,361,703,2394.0,2312.6,558
751,28.79,24.0,744,4,84,29890,466,7,5,486.3,100.0,730.0,2745753343,5,364,703,2394.0,2312.7,558
752,67.28,24.0,784,4,84,29890,464,7,5,470.2,100.0,736.5,2756918712,5,366,703,2394.0,2312.7,558
753,59.69,24.0,829,4,84,29890,288,5,4,432.8,100.0,751.4,2755546351,5,268,703,2399.1,2317.8,558
754,20.25,24.0,831,4,84,29890,565,5,6,399.9,100.0,764.6,2756550123,5,318,703,2399.7,2318.3,572
755,32.89,24.0,857,4,84,29890,540,5,6,388.8,100.0,769.0,2757233655,5,345,703,2400.4,2319.0,572
756,22.63,20.0,892,4,84,29890,490,5,6,370.9,100.0,776.2,2757887227,5,394,703,2400.4,2319.0,572
757,140.61,20.0,944,4,84,29890,487,5,6,358.6,100.0,781.1,2758146443,5,397,703,3391.9,3310.5,572
758,83.48,20.0,806,4,85,29892,480,5,5,283.7,100.0,811.1,2756538707,5,253,703,2410.5,2329.2,572
759,64.33,20.0,865,4,84,29890,459,5,5,240.6,100.0,828.3,2757044315,5,274,703,2411.9,2330.5,572
760,61.34,20.0,517,4,84,29890,393,4,4,208.1,100.0,841.3,2755323651,5,222,703,2409.7,2328.3,572
761,18.70,20.0,282,4,84,29890,343,4,4,178.0,100.0,853.3,2755255159,5,271,703,2410.4,2329.0,588
762,17.54,20.0,284,4,84,29890,532,4,6,168.9,100.0,857.0,2756610027,5,321,703,2416.8,2335.5,588
763,47.56,20.0,294,4,84,29890,573,4,6,160.5,100.0,860.3,2757376487,5,324,703,2417.3,2335.9,588
764,25.23,20.0,330,4,84,29890,554,4,6,138.0,100.0,869.3,2757826043,5,340,703,2417.5,2336.1,588
765,19.78,20.0,375,4,84,29890,548,4,6,126.3,100.0,874.0,2758087395,5,346,703,2418.1,2336.7,588
766,18.79,20.0,434,4,84,29890,545,4,6,117.2,100.0,877.6,2758432899,5,349,703,2418.0,2336.6,588
767,74.79,20.0,529,4,84,29890,448,5,5,108.7,100.0,881.1,2758316759,5,307,703,2418.0,2336.6,588
768,25.43,20.0,666,4,84,29890,442,5,5,75.6,100.0,894.3,2758830847,5,313,703,2417.8,2336.4,588
769,21.32,20.0,702,4,84,29890,437,5,5,64.7,100.0,898.7,2759071107,5,317,703,2417.8,2336.4,588
770,22.42,20.0,735,4,84,29890,433,5,5,55.6,100.0,902.3,2759322219,5,321,703,2418.7,2337.3,588
771,20.55,20.0,827,4,84,29890,430,5,5,46.3,100.0,906.0,2759671531,5,324,703,2417.2,2335.8,588
772,20.86,20.0,855,4,84,29890,421,5,5,37.9,100.0,909.4,2759977603,5,333,703,2418.0,2336.7,588
773,23.57,20.0,908,4,84,29890,415,5,5,29.4,100.0,912.7,2760287671,5,339,703,2419.4,2338.0,588
774,24.96,20.0,913,4,84,29890,488,5,6,20.1,100.0,916.5,2764053647,5,387,703,2429.0,2347.6,625
775,76.68,20.0,955,4,84,29890,520,5,6,10.3,100.0,920.4,2765458747,5,392,703,2430.2,2348.8,625
776,77.79,20.0,956,4,84,29890,327,4,4,-18.3,100.0,931.9,2764152651,5,294,703,2430.8,2349.4,625
777,134.41,21.0,1107,15,95,31672,322,4,4,-45.4,100.0,942.7,2764752355,5,299,703,3422.7,3341.3,625
778,50.30,21.0,1152,13,97,31226,288,4,4,-86.9,100.0,959.3,2765282927,5,332,703,2432.7,2351.3,625
779,26.91,21.0,879,7,89,30456,238,4,4,-100.7,100.0,964.8,2767218915,5,382,703,2432.5,2351.1,648
780,21.93,21.0,883,6,86,30422,376,4,6,-107.6,100.0,967.6,2770063903,5,431,703,2451.1,2369.6,648
781,135.05,21.0,915,4,84,30058,560,4,6,-113.0,100.0,969.7,2772644091,5,446,703,3445.4,3363.8,648
782,86.61,21.0,963,4,85,29892,523,5,5,-141.8,100.0,981.3,2771236751,5,298,703,2453.4,2371.8,648
783,24.97,21.0,1009,7,87,31126,513,5,5,-155.9,100.0,986.9,2771528911,5,308,703,2454.8,2373.3,648
784,21.06,21.0,1100,26,109,33847,507,5,5,-159.3,100.0,988.2,2771899699,5,314,703,2453.8,2372.3,648
785,20.79,21.0,1165,42,128,37656,503,5,5,-161.9,100.0,989.3,2772222919,5,318,703,2453.3,2371.7,648
786,18.65,21.0,1241,54,143,41642,502,5,5,-164.3,100.0,990.2,2772565607,5,319,703,2455.3,2373.8,648
787,20.93,21.0,1269,68,160,43661,498,5,5,-166.2,100.0,991.0,2772768963,5,323,703,2453.8,2372.3,648
788,20.72,21.0,1304,78,170,45573,495,5,5,-168.2,100.0,991.8,2772990915,5,326,703,2454.8,2373.3,648
789,22.57,12.0,1336,94,201,47669,490,5,5,-169.9,100.0,992.5,2773220107,5,330,703,2453.4,2371.9,648
790,19.14,12.0,1379,117,229,52694,487,5,5,-171.5,100.0,993.1,2773482751,5,333,703,2453.6,2372.0,648
791,18.56,12.0,1407,124,242,53327,483,5,5,-172.7,100.0,993.6,2773690739,5,337,703,2453.8,2372.3,648
792,20.05,12.0,1432,135,257,54345,480,5,5,-173.6,100.0,994.0,2773901199,5,340,703,2454.2,2372.7,648
793,20.72,12.0,1457,141,267,54877,477,5,5,-174.4,100.0,994.3,2774087611,5,343,703,2453.4,2371.9,648
794,18.80,12.0,1495,144,281,58064,473,5,5,-175.0,100.0,994.5,2774305367,5,346,703,2454.0,2372.4,648
795,17.73,12.0,1520,152,290,59508,470,5,5,-175.4,100.0,994.7,2774498823,5,349,703,2453.8,2372.3,648
796,22.49,12.0,1613,156,297,62199,467,5,5,-175.5,100.0,994.7,2774887907,5,352,703,2456.0,2374.5,648
