frame,time_ms,segment,event,detail
4422,241317,2,visibility_drop,rendered 8800 -> 8764 (delta -36; mid_instances=14378)
4425,241374,2,visibility_drop,rendered 8763 -> 8724 (delta -39; mid_instances=14378)
4427,241415,2,visibility_drop,rendered 8723 -> 8716 (delta -7; mid_instances=14378)
4433,241542,2,visibility_drop,rendered 8781 -> 8772 (delta -9; mid_instances=14378)
4434,241566,2,visibility_drop,rendered 8772 -> 8764 (delta -8; mid_instances=14378)
4438,241648,2,visibility_drop,rendered 8759 -> 8731 (delta -28; mid_instances=14378)
4441,241709,2,visibility_drop,rendered 8728 -> 8698 (delta -30; mid_instances=14378)
4443,241750,2,visibility_drop,rendered 8697 -> 8429 (delta -268; mid_instances=14378)
4448,241853,2,visibility_drop,rendered 8418 -> 8388 (delta -30; mid_instances=14378)
4463,242149,2,visibility_drop,rendered 8369 -> 8360 (delta -9; mid_instances=14378)
4465,242192,2,visibility_drop,rendered 8360 -> 8322 (delta -38; mid_instances=14378)
4468,242256,2,visibility_drop,rendered 8319 -> 8313 (delta -6; mid_instances=14378)
4480,242523,2,visibility_drop,rendered 8320 -> 8311 (delta -9; mid_instances=14378)
4484,242706,2,visibility_drop,rendered 8700 -> 8676 (delta -24; mid_instances=14378)
4486,242747,2,visibility_drop,rendered 8681 -> 8664 (delta -17; mid_instances=14378)
4501,243058,2,visibility_drop,rendered 8655 -> 8646 (delta -9; mid_instances=14378)
4502,243082,2,visibility_drop,rendered 8646 -> 8637 (delta -9; mid_instances=14378)
4509,243218,2,visibility_drop,rendered 8636 -> 8611 (delta -25; mid_instances=14378)
4518,243396,2,visibility_drop,rendered 8604 -> 8594 (delta -10; mid_instances=14378)
4526,243549,2,visibility_drop,rendered 8586 -> 8577 (delta -9; mid_instances=14378)
4551,244090,2,visibility_drop,rendered 8713 -> 8691 (delta -22; mid_instances=14378)
4558,244232,2,visibility_drop,rendered 8688 -> 8679 (delta -9; mid_instances=14378)
4570,244516,2,visibility_drop,rendered 8680 -> 8663 (delta -17; mid_instances=14377)
4572,244557,2,visibility_drop,rendered 8663 -> 8656 (delta -7; mid_instances=14377)
4575,244614,2,visibility_drop,rendered 8652 -> 8639 (delta -13; mid_instances=14377)
4576,244637,2,visibility_drop,rendered 8639 -> 8632 (delta -7; mid_instances=14377)
4577,244654,2,visibility_drop,rendered 8632 -> 8621 (delta -11; mid_instances=14377)
4579,244693,2,visibility_drop,rendered 8617 -> 8601 (delta -16; mid_instances=14377)
4581,244733,2,visibility_drop,rendered 8601 -> 8581 (delta -20; mid_instances=14377)
4591,244932,2,visibility_drop,rendered 8572 -> 8563 (delta -9; mid_instances=14377)
4593,244971,2,visibility_drop,rendered 8563 -> 8546 (delta -17; mid_instances=14377)
4600,245115,2,visibility_drop,rendered 8542 -> 8530 (delta -12; mid_instances=14377)
4604,245195,2,visibility_drop,rendered 8530 -> 8523 (delta -7; mid_instances=14377)
4605,245211,2,visibility_drop,rendered 8523 -> 8516 (delta -7; mid_instances=14377)
4606,245234,2,visibility_drop,rendered 8516 -> 8508 (delta -8; mid_instances=14377)
4612,245352,2,visibility_drop,rendered 8512 -> 8505 (delta -7; mid_instances=14377)
4626,245631,2,visibility_drop,rendered 8489 -> 8396 (delta -93; mid_instances=14377)
4627,245647,2,visibility_drop,rendered 8396 -> 8380 (delta -16; mid_instances=14377)
4632,245748,2,visibility_drop,rendered 8380 -> 8348 (delta -32; mid_instances=14377)
4634,245790,2,visibility_drop,rendered 8345 -> 8305 (delta -40; mid_instances=14377)
4635,245806,2,visibility_drop,rendered 8305 -> 8290 (delta -15; mid_instances=14377)
4639,245938,2,visibility_drop,rendered 8357 -> 8350 (delta -7; mid_instances=14377)
4646,246080,2,visibility_drop,rendered 8342 -> 8334 (delta -8; mid_instances=14377)
4648,246119,2,visibility_drop,rendered 8334 -> 8322 (delta -12; mid_instances=14377)
4649,246137,2,visibility_drop,rendered 8322 -> 8310 (delta -12; mid_instances=14377)
4652,246202,2,visibility_drop,rendered 8307 -> 8297 (delta -10; mid_instances=14377)
4653,246219,2,visibility_drop,rendered 8297 -> 8286 (delta -11; mid_instances=14377)
4654,246242,2,visibility_drop,rendered 8286 -> 8278 (delta -8; mid_instances=14377)
4656,246282,2,visibility_drop,rendered 8278 -> 8257 (delta -21; mid_instances=14377)
4659,246337,2,visibility_drop,rendered 8257 -> 8245 (delta -12; mid_instances=14377)
4661,246376,2,visibility_drop,rendered 8245 -> 8237 (delta -8; mid_instances=14377)
4662,246400,2,visibility_drop,rendered 8237 -> 8226 (delta -11; mid_instances=14377)
4676,246682,2,visibility_drop,rendered 8374 -> 8361 (delta -13; mid_instances=14377)
4680,246763,2,visibility_drop,rendered 8361 -> 7901 (delta -460; mid_instances=14377)
4682,246800,2,visibility_drop,rendered 7900 -> 7883 (delta -17; mid_instances=14377)
4696,247067,2,visibility_drop,rendered 7866 -> 7850 (delta -16; mid_instances=14377)
4711,247400,2,visibility_drop,rendered 7893 -> 7878 (delta -15; mid_instances=14377)
4728,247727,2,visibility_drop,rendered 7861 -> 7853 (delta -8; mid_instances=14377)
4741,247974,2,visibility_drop,rendered 7849 -> 7818 (delta -31; mid_instances=14377)
4768,248492,2,visibility_drop,rendered 7810 -> 7785 (delta -25; mid_instances=14377)
4778,248681,2,visibility_drop,rendered 7785 -> 7779 (delta -6; mid_instances=14377)
4797,249102,2,visibility_drop,rendered 7939 -> 7933 (delta -6; mid_instances=14377)
4819,250627,2,cell_loading,(-2; -3)
4819,250633,2,cell_loading,(-3; -3)
4826,251100,2,visibility_drop,rendered 8216 -> 8210 (delta -6; mid_instances=14406)
4843,251636,2,visibility_drop,rendered 8219 -> 8210 (delta -9; mid_instances=14406)
4858,252203,2,visibility_drop,rendered 8264 -> 8228 (delta -36; mid_instances=14460)
4868,252468,2,visibility_drop,rendered 8228 -> 7991 (delta -237; mid_instances=14460)
4879,253029,2,visibility_drop,rendered 7991 -> 7979 (delta -12; mid_instances=14489)
4885,253402,2,cell_loaded,(-2; -3) (0 objects)
4885,253411,2,cell_loading,(-1; -3)
4885,253465,2,visibility_drop,rendered 7987 -> 7961 (delta -26; mid_instances=14679)
4886,253494,2,cell_loaded,(-3; -3) (3 objects)
4887,253564,2,cell_loading,(0; -3)
4916,254494,2,visibility_drop,rendered 7982 -> 7976 (delta -6; mid_instances=14755)
4944,255536,2,cell_loaded,(-1; -3) (6 objects)
4945,255553,2,cell_loaded,(0; -3) (0 objects)
4945,255558,2,cell_loading,(-4; -3)
4945,255562,2,cell_loading,(1; -3)
4954,255906,2,visibility_drop,rendered 8006 -> 7933 (delta -73; mid_instances=15018)
5007,258315,2,visibility_drop,rendered 8005 -> 7974 (delta -31; mid_instances=15051)
5028,260348,2,cell_loaded,(-4; -3) (0 objects)
5028,260405,2,visibility_drop,rendered 8108 -> 8097 (delta -11; mid_instances=15239)
5029,260432,2,cell_loaded,(1; -3) (0 objects)
5030,260471,2,visibility_drop,rendered 8105 -> 8091 (delta -14; mid_instances=15239)
5031,260496,2,cell_loading,(-5; -3)
5031,260502,2,cell_loading,(-7; -4)
5046,261125,2,visibility_drop,rendered 8122 -> 7930 (delta -192; mid_instances=15358)
5068,262213,2,cell_loaded,(-5; -3) (0 objects)
5069,262293,2,cell_loading,(3; -4)
5069,262348,2,visibility_drop,rendered 8071 -> 7848 (delta -223; mid_instances=15678)
5071,262452,2,cell_loaded,(-7; -4) (0 objects)
5075,262604,2,cell_loading,(-6; -3)
5076,262678,2,cell_loaded,(3; -4) (0 objects)
5079,262863,2,cell_loading,(2; -3)
5089,263410,2,cell_loaded,(-6; -3) (0 objects)
5090,263514,2,cell_loaded,(2; -3) (0 objects)
5140,265074,2,visibility_drop,rendered 8008 -> 8002 (delta -6; mid_instances=16104)
5180,266516,2,visibility_drop,rendered 8227 -> 8221 (delta -6; mid_instances=16096)
5190,266969,3,visibility_drop,rendered 8463 -> 3397 (delta -5066; mid_instances=16095)
6067,277229,4,visibility_drop,rendered 4364 -> 4358 (delta -6; mid_instances=16095)
6077,277363,4,visibility_drop,rendered 4556 -> 4540 (delta -16; mid_instances=16095)
6080,277405,4,visibility_drop,rendered 4592 -> 4586 (delta -6; mid_instances=16095)
6084,277457,4,visibility_drop,rendered 4642 -> 4621 (delta -21; mid_instances=16095)
6089,277520,4,visibility_drop,rendered 4655 -> 4649 (delta -6; mid_instances=16095)
6092,277566,4,visibility_drop,rendered 4654 -> 4639 (delta -15; mid_instances=16095)
6102,277694,4,visibility_drop,rendered 4786 -> 4777 (delta -9; mid_instances=16095)
6106,277745,4,visibility_drop,rendered 4839 -> 4773 (delta -66; mid_instances=16095)
6107,277755,4,visibility_drop,rendered 4773 -> 4752 (delta -21; mid_instances=16095)
6108,277773,4,visibility_drop,rendered 4752 -> 4729 (delta -23; mid_instances=16095)
6114,277853,4,visibility_drop,rendered 4790 -> 4776 (delta -14; mid_instances=16095)
6115,277863,4,visibility_drop,rendered 4776 -> 4751 (delta -25; mid_instances=16095)
6116,277879,4,visibility_drop,rendered 4751 -> 4716 (delta -35; mid_instances=16095)
6117,277890,4,visibility_drop,rendered 4716 -> 4709 (delta -7; mid_instances=16095)
6119,277919,4,visibility_drop,rendered 4720 -> 4693 (delta -27; mid_instances=16095)
6121,277947,4,visibility_drop,rendered 4689 -> 4682 (delta -7; mid_instances=16095)
6124,277989,4,visibility_drop,rendered 4777 -> 4762 (delta -15; mid_instances=16095)
6127,278026,4,visibility_drop,rendered 4807 -> 4800 (delta -7; mid_instances=16095)
6132,278107,4,visibility_drop,rendered 6076 -> 6069 (delta -7; mid_instances=16095)
6134,278139,4,visibility_drop,rendered 6414 -> 6406 (delta -8; mid_instances=16095)
6141,278245,4,visibility_drop,rendered 6421 -> 6396 (delta -25; mid_instances=16095)
6145,278307,4,visibility_drop,rendered 6417 -> 6403 (delta -14; mid_instances=16095)
6146,278326,4,visibility_drop,rendered 6403 -> 6313 (delta -90; mid_instances=16095)
6148,278358,4,visibility_drop,rendered 6312 -> 6293 (delta -19; mid_instances=16095)
6149,278371,4,visibility_drop,rendered 6293 -> 6196 (delta -97; mid_instances=16095)
6150,278391,4,visibility_drop,rendered 6196 -> 6182 (delta -14; mid_instances=16095)
6151,278403,4,visibility_drop,rendered 6182 -> 6168 (delta -14; mid_instances=16095)
6153,278434,4,visibility_drop,rendered 6167 -> 6152 (delta -15; mid_instances=16095)
6154,278454,4,visibility_drop,rendered 6152 -> 6118 (delta -34; mid_instances=16095)
6155,278467,4,visibility_drop,rendered 6118 -> 6096 (delta -22; mid_instances=16095)
6156,278486,4,visibility_drop,rendered 6096 -> 6058 (delta -38; mid_instances=16095)
6157,278499,4,visibility_drop,rendered 6058 -> 6026 (delta -32; mid_instances=16095)
6158,278518,4,visibility_drop,rendered 6026 -> 6010 (delta -16; mid_instances=16095)
6160,278549,4,visibility_drop,rendered 6005 -> 5999 (delta -6; mid_instances=16095)
6171,278722,4,visibility_drop,rendered 6541 -> 6520 (delta -21; mid_instances=16095)
6207,279357,4,visibility_drop,rendered 8858 -> 8850 (delta -8; mid_instances=16095)
6208,279379,4,visibility_drop,rendered 8850 -> 8836 (delta -14; mid_instances=16095)
6209,279395,4,visibility_drop,rendered 8836 -> 8830 (delta -6; mid_instances=16095)
6214,279492,4,visibility_drop,rendered 8871 -> 8856 (delta -15; mid_instances=16095)
6216,279530,4,visibility_drop,rendered 8853 -> 8837 (delta -16; mid_instances=16095)
6218,279568,4,visibility_drop,rendered 8887 -> 8849 (delta -38; mid_instances=16095)
6221,279619,4,visibility_drop,rendered 8847 -> 8832 (delta -15; mid_instances=16095)
6222,279642,4,visibility_drop,rendered 8832 -> 8814 (delta -18; mid_instances=16095)
6225,279693,4,visibility_drop,rendered 8960 -> 8937 (delta -23; mid_instances=16095)
6237,279919,4,visibility_drop,rendered 9295 -> 8856 (delta -439; mid_instances=16095)
6241,279998,4,visibility_drop,rendered 8855 -> 8772 (delta -83; mid_instances=16095)
6247,280114,4,visibility_drop,rendered 9196 -> 9117 (delta -79; mid_instances=16095)
6250,280177,4,visibility_drop,rendered 9120 -> 9094 (delta -26; mid_instances=16095)
6251,280193,4,visibility_drop,rendered 9094 -> 9080 (delta -14; mid_instances=16095)
6253,280230,4,visibility_drop,rendered 9091 -> 9083 (delta -8; mid_instances=16095)
6254,280253,4,visibility_drop,rendered 9083 -> 9062 (delta -21; mid_instances=16095)
6255,280268,4,visibility_drop,rendered 9062 -> 8990 (delta -72; mid_instances=16095)
6256,280291,4,visibility_drop,rendered 8990 -> 8982 (delta -8; mid_instances=16095)
6258,280378,4,visibility_drop,rendered 16723 -> 11962 (delta -4761; mid_instances=16095)
6259,280396,4,visibility_drop,rendered 11962 -> 11869 (delta -93; mid_instances=16095)
6260,280420,4,visibility_drop,rendered 11869 -> 11592 (delta -277; mid_instances=16095)
6261,280437,4,visibility_drop,rendered 11592 -> 11548 (delta -44; mid_instances=16095)
6262,280461,4,visibility_drop,rendered 11548 -> 11517 (delta -31; mid_instances=16095)
6263,280479,4,visibility_drop,rendered 11517 -> 11476 (delta -41; mid_instances=16095)
6264,280503,4,visibility_drop,rendered 11476 -> 11415 (delta -61; mid_instances=16095)
6266,280545,4,visibility_drop,rendered 11411 -> 11373 (delta -38; mid_instances=16095)
6268,280587,4,visibility_drop,rendered 11458 -> 11401 (delta -57; mid_instances=16095)
6269,280606,4,visibility_drop,rendered 11401 -> 11394 (delta -7; mid_instances=16095)
6270,280631,4,visibility_drop,rendered 11394 -> 11344 (delta -50; mid_instances=16095)
6271,280649,4,visibility_drop,rendered 11344 -> 11281 (delta -63; mid_instances=16095)
6272,280673,4,visibility_drop,rendered 11281 -> 11224 (delta -57; mid_instances=16095)
6273,280691,4,visibility_drop,rendered 11224 -> 11130 (delta -94; mid_instances=16095)
6274,280714,4,visibility_drop,rendered 11130 -> 11052 (delta -78; mid_instances=16095)
6275,280731,4,visibility_drop,rendered 11052 -> 11006 (delta -46; mid_instances=16095)
6276,280755,4,visibility_drop,rendered 11006 -> 10980 (delta -26; mid_instances=16095)
6277,280772,4,visibility_drop,rendered 10980 -> 10925 (delta -55; mid_instances=16095)
6278,280795,4,visibility_drop,rendered 10925 -> 10889 (delta -36; mid_instances=16095)
6279,280812,4,visibility_drop,rendered 10889 -> 10847 (delta -42; mid_instances=16095)
6280,280836,4,visibility_drop,rendered 10847 -> 10486 (delta -361; mid_instances=16095)
6281,280853,4,visibility_drop,rendered 10486 -> 10395 (delta -91; mid_instances=16095)
6282,280876,4,visibility_drop,rendered 10395 -> 10377 (delta -18; mid_instances=16095)
6283,280892,4,visibility_drop,rendered 10377 -> 10343 (delta -34; mid_instances=16095)
6284,280916,4,visibility_drop,rendered 10343 -> 10168 (delta -175; mid_instances=16095)
6285,280932,4,visibility_drop,rendered 10168 -> 10112 (delta -56; mid_instances=16095)
6286,280956,4,visibility_drop,rendered 10112 -> 10093 (delta -19; mid_instances=16095)
6287,280973,4,visibility_drop,rendered 10093 -> 9998 (delta -95; mid_instances=16095)
6288,280997,4,visibility_drop,rendered 9998 -> 9892 (delta -106; mid_instances=16095)
6289,281014,4,visibility_drop,rendered 9892 -> 9783 (delta -109; mid_instances=16095)
6290,281038,4,visibility_drop,rendered 9783 -> 9760 (delta -23; mid_instances=16095)
6291,281055,4,visibility_drop,rendered 9760 -> 9569 (delta -191; mid_instances=16095)
6292,281079,4,visibility_drop,rendered 9569 -> 9264 (delta -305; mid_instances=16095)
6293,281095,4,visibility_drop,rendered 9264 -> 8909 (delta -355; mid_instances=16095)
6294,281118,4,visibility_drop,rendered 8909 -> 8857 (delta -52; mid_instances=16095)
6299,281213,4,visibility_drop,rendered 9575 -> 9550 (delta -25; mid_instances=16095)
6312,281476,4,visibility_drop,rendered 10587 -> 10553 (delta -34; mid_instances=16095)
6319,281611,4,visibility_drop,rendered 10691 -> 10618 (delta -73; mid_instances=16095)
6321,281650,4,visibility_drop,rendered 10656 -> 10626 (delta -30; mid_instances=16095)
6323,281690,4,visibility_drop,rendered 10632 -> 10620 (delta -12; mid_instances=16095)
6324,281715,4,visibility_drop,rendered 10620 -> 10606 (delta -14; mid_instances=16095)
6326,281755,4,visibility_drop,rendered 10629 -> 10612 (delta -17; mid_instances=16095)
6327,281771,4,visibility_drop,rendered 10612 -> 10556 (delta -56; mid_instances=16095)
6332,281878,4,visibility_drop,rendered 10850 -> 10802 (delta -48; mid_instances=16095)
6334,281917,4,visibility_drop,rendered 10831 -> 7782 (delta -3049; mid_instances=16095)
6338,281993,4,visibility_drop,rendered 7789 -> 7670 (delta -119; mid_instances=16095)
6340,282028,4,visibility_drop,rendered 7671 -> 7662 (delta -9; mid_instances=16095)
6342,282065,4,visibility_drop,rendered 7663 -> 7645 (delta -18; mid_instances=16095)
6343,282080,4,visibility_drop,rendered 7645 -> 7627 (delta -18; mid_instances=16095)
6345,282115,4,visibility_drop,rendered 7623 -> 7484 (delta -139; mid_instances=16095)
6349,282186,4,visibility_drop,rendered 7482 -> 7476 (delta -6; mid_instances=16095)
6350,282206,4,visibility_drop,rendered 7476 -> 7440 (delta -36; mid_instances=16095)
6353,282256,4,visibility_drop,rendered 7438 -> 7431 (delta -7; mid_instances=16095)
6354,282277,4,visibility_drop,rendered 7431 -> 7352 (delta -79; mid_instances=16095)
6356,282321,4,visibility_drop,rendered 7352 -> 7338 (delta -14; mid_instances=16095)
6357,282335,4,visibility_drop,rendered 7338 -> 7326 (delta -12; mid_instances=16095)
6358,282356,4,visibility_drop,rendered 7326 -> 7218 (delta -108; mid_instances=16095)
6359,282372,4,visibility_drop,rendered 7218 -> 7212 (delta -6; mid_instances=16095)
6367,282512,4,visibility_drop,rendered 7262 -> 7255 (delta -7; mid_instances=16095)
6368,282534,4,visibility_drop,rendered 7255 -> 7243 (delta -12; mid_instances=16095)
6371,282583,4,visibility_drop,rendered 7241 -> 7233 (delta -8; mid_instances=16095)
6378,282710,4,visibility_drop,rendered 7255 -> 7004 (delta -251; mid_instances=16095)
6382,282781,4,visibility_drop,rendered 7033 -> 6797 (delta -236; mid_instances=16095)
6384,282815,4,visibility_drop,rendered 6798 -> 6549 (delta -249; mid_instances=16095)
6385,282829,4,visibility_drop,rendered 6549 -> 6309 (delta -240; mid_instances=16095)
6386,282849,4,visibility_drop,rendered 6309 -> 6297 (delta -12; mid_instances=16095)
6388,282884,4,visibility_drop,rendered 6293 -> 6270 (delta -23; mid_instances=16095)
6393,282965,4,visibility_drop,rendered 6269 -> 6076 (delta -193; mid_instances=16095)
6395,282997,4,visibility_drop,rendered 6076 -> 6067 (delta -9; mid_instances=16095)
6397,283028,4,visibility_drop,rendered 6067 -> 6037 (delta -30; mid_instances=16095)
6403,283121,4,visibility_drop,rendered 6039 -> 5999 (delta -40; mid_instances=16095)
6405,283153,4,visibility_drop,rendered 5994 -> 5983 (delta -11; mid_instances=16095)
6408,283201,4,visibility_drop,rendered 5980 -> 4464 (delta -1516; mid_instances=16095)
6409,283212,4,visibility_drop,rendered 4464 -> 4355 (delta -109; mid_instances=16095)
6410,283230,4,visibility_drop,rendered 4355 -> 4288 (delta -67; mid_instances=16095)
6411,283240,4,visibility_drop,rendered 4288 -> 4263 (delta -25; mid_instances=16095)
6412,283258,4,visibility_drop,rendered 4263 -> 4200 (delta -63; mid_instances=16095)
6413,283269,4,visibility_drop,rendered 4200 -> 4148 (delta -52; mid_instances=16095)
6414,283285,4,visibility_drop,rendered 4148 -> 4026 (delta -122; mid_instances=16095)
6415,283295,4,visibility_drop,rendered 4026 -> 3796 (delta -230; mid_instances=16095)
6416,283311,4,visibility_drop,rendered 3796 -> 3699 (delta -97; mid_instances=16095)
6417,283321,4,visibility_drop,rendered 3699 -> 3575 (delta -124; mid_instances=16095)
6418,283337,4,visibility_drop,rendered 3575 -> 3371 (delta -204; mid_instances=16095)
6419,283348,4,visibility_drop,rendered 3371 -> 3337 (delta -34; mid_instances=16095)
6420,283365,4,visibility_drop,rendered 3337 -> 3307 (delta -30; mid_instances=16095)
6421,283374,4,visibility_drop,rendered 3307 -> 3243 (delta -64; mid_instances=16095)
6422,283389,4,visibility_drop,rendered 3243 -> 3194 (delta -49; mid_instances=16095)
6423,283398,4,visibility_drop,rendered 3194 -> 3098 (delta -96; mid_instances=16095)
6425,283422,4,visibility_drop,rendered 3094 -> 3081 (delta -13; mid_instances=16095)
6426,283437,4,visibility_drop,rendered 3081 -> 3073 (delta -8; mid_instances=16095)
6427,283445,4,visibility_drop,rendered 3073 -> 3067 (delta -6; mid_instances=16095)
6428,283460,4,visibility_drop,rendered 3067 -> 3056 (delta -11; mid_instances=16095)
6430,283484,4,visibility_drop,rendered 3053 -> 3036 (delta -17; mid_instances=16095)
6431,283492,4,visibility_drop,rendered 3036 -> 3028 (delta -8; mid_instances=16095)
6433,283516,4,visibility_drop,rendered 3024 -> 3012 (delta -12; mid_instances=16095)
6434,283532,4,visibility_drop,rendered 3012 -> 2981 (delta -31; mid_instances=16095)
6435,283540,4,visibility_drop,rendered 2981 -> 2975 (delta -6; mid_instances=16095)
6445,283656,4,visibility_drop,rendered 2970 -> 2957 (delta -13; mid_instances=16095)
6451,283729,4,visibility_drop,rendered 3046 -> 3038 (delta -8; mid_instances=16095)
6456,283793,4,visibility_drop,rendered 3091 -> 3085 (delta -6; mid_instances=16095)
6464,283890,4,visibility_drop,rendered 3133 -> 3020 (delta -113; mid_instances=16095)
6470,283961,4,visibility_drop,rendered 3017 -> 3005 (delta -12; mid_instances=16095)
6471,283970,4,visibility_drop,rendered 3005 -> 2998 (delta -7; mid_instances=16095)
6473,283994,4,visibility_drop,rendered 2993 -> 2985 (delta -8; mid_instances=16095)
6474,284016,4,visibility_drop,rendered 2985 -> 2972 (delta -13; mid_instances=16095)
6488,284184,4,visibility_drop,rendered 3149 -> 3112 (delta -37; mid_instances=16095)
6489,284193,4,visibility_drop,rendered 3112 -> 2998 (delta -114; mid_instances=16095)
6494,284256,4,visibility_drop,rendered 3007 -> 2979 (delta -28; mid_instances=16095)
6496,284280,4,visibility_drop,rendered 2988 -> 2949 (delta -39; mid_instances=16095)
6497,284288,4,visibility_drop,rendered 2949 -> 2943 (delta -6; mid_instances=16095)
6498,284304,4,visibility_drop,rendered 2943 -> 2862 (delta -81; mid_instances=16095)
6501,284337,4,visibility_drop,rendered 2858 -> 2850 (delta -8; mid_instances=16095)
6503,284359,4,visibility_drop,rendered 2869 -> 2387 (delta -482; mid_instances=16095)
6504,284373,4,visibility_drop,rendered 2387 -> 2378 (delta -9; mid_instances=16095)
6510,284441,4,visibility_drop,rendered 2375 -> 2351 (delta -24; mid_instances=16095)
6514,284483,4,visibility_drop,rendered 2354 -> 2326 (delta -28; mid_instances=16095)
6516,284505,4,visibility_drop,rendered 2333 -> 2325 (delta -8; mid_instances=16095)
6527,284620,4,visibility_drop,rendered 2331 -> 2322 (delta -9; mid_instances=16095)
6529,284641,4,visibility_drop,rendered 2321 -> 2309 (delta -12; mid_instances=16095)
6530,284656,4,visibility_drop,rendered 2309 -> 2302 (delta -7; mid_instances=16095)
6532,284677,4,visibility_drop,rendered 2297 -> 2286 (delta -11; mid_instances=16095)
6533,284684,4,visibility_drop,rendered 2286 -> 2273 (delta -13; mid_instances=16095)
6538,284742,4,visibility_drop,rendered 2273 -> 2262 (delta -11; mid_instances=16095)
6541,284774,4,visibility_drop,rendered 2262 -> 2249 (delta -13; mid_instances=16095)
6542,284788,4,visibility_drop,rendered 2249 -> 2241 (delta -8; mid_instances=16095)
6543,284795,4,visibility_drop,rendered 2241 -> 2219 (delta -22; mid_instances=16095)
6547,284838,4,visibility_drop,rendered 2215 -> 2080 (delta -135; mid_instances=16095)
6549,284860,4,visibility_drop,rendered 2081 -> 2072 (delta -9; mid_instances=16095)
6554,284915,4,visibility_drop,rendered 2068 -> 2060 (delta -8; mid_instances=16095)
6556,284936,4,visibility_drop,rendered 2059 -> 2047 (delta -12; mid_instances=16095)
6567,285051,4,visibility_drop,rendered 2049 -> 1923 (delta -126; mid_instances=16095)
6576,285154,4,visibility_drop,rendered 1915 -> 1907 (delta -8; mid_instances=16095)
6584,285239,4,visibility_drop,rendered 1920 -> 1851 (delta -69; mid_instances=16095)
6586,285260,4,visibility_drop,rendered 1850 -> 1844 (delta -6; mid_instances=16095)
6604,285445,4,visibility_drop,rendered 1990 -> 1961 (delta -29; mid_instances=16095)
6605,285453,4,visibility_drop,rendered 1961 -> 1913 (delta -48; mid_instances=16095)
6606,285467,4,visibility_drop,rendered 1913 -> 1832 (delta -81; mid_instances=16095)
6623,285635,4,visibility_drop,rendered 1871 -> 1865 (delta -6; mid_instances=16095)
6625,285654,4,visibility_drop,rendered 1861 -> 1855 (delta -6; mid_instances=16095)
6646,285874,4,visibility_drop,rendered 2003 -> 1937 (delta -66; mid_instances=16095)
6654,285955,4,visibility_drop,rendered 2009 -> 2000 (delta -9; mid_instances=16095)
6657,285981,4,visibility_drop,rendered 2004 -> 1991 (delta -13; mid_instances=16095)
6667,286087,4,visibility_drop,rendered 2031 -> 2024 (delta -7; mid_instances=16095)
6685,286275,4,visibility_drop,rendered 2388 -> 2370 (delta -18; mid_instances=16095)
6691,286345,4,visibility_drop,rendered 2585 -> 2579 (delta -6; mid_instances=16095)
6736,286859,4,visibility_drop,rendered 3462 -> 3448 (delta -14; mid_instances=16095)
6739,286892,4,visibility_drop,rendered 3468 -> 3452 (delta -16; mid_instances=16095)
6742,286929,4,visibility_drop,rendered 3446 -> 3440 (delta -6; mid_instances=16095)
6743,286938,4,visibility_drop,rendered 3440 -> 3419 (delta -21; mid_instances=16095)
6746,286977,4,visibility_drop,rendered 3428 -> 3415 (delta -13; mid_instances=16095)
6748,286999,5,visibility_drop,rendered 3414 -> 3394 (delta -20; mid_instances=16095)
6751,287057,5,visibility_drop,rendered 6066 -> 6019 (delta -47; mid_instances=16095)
6752,287076,5,visibility_drop,rendered 6019 -> 5988 (delta -31; mid_instances=16095)
6754,287104,5,visibility_drop,rendered 5984 -> 5934 (delta -50; mid_instances=16095)
6756,287134,5,visibility_drop,rendered 5934 -> 5889 (delta -45; mid_instances=16095)
6759,287179,5,visibility_drop,rendered 5973 -> 5963 (delta -10; mid_instances=16095)
6760,287197,5,visibility_drop,rendered 5963 -> 5916 (delta -47; mid_instances=16095)
6761,287210,5,visibility_drop,rendered 5916 -> 5900 (delta -16; mid_instances=16095)
6762,287228,5,visibility_drop,rendered 5900 -> 5887 (delta -13; mid_instances=16095)
6764,287256,5,visibility_drop,rendered 5885 -> 5866 (delta -19; mid_instances=16095)
6767,287294,5,visibility_drop,rendered 5866 -> 5859 (delta -7; mid_instances=16095)
6768,287312,5,visibility_drop,rendered 5859 -> 5838 (delta -21; mid_instances=16095)
6769,287324,5,visibility_drop,rendered 5838 -> 5817 (delta -21; mid_instances=16095)
6770,287342,5,visibility_drop,rendered 5817 -> 5794 (delta -23; mid_instances=16095)
6771,287352,5,visibility_drop,rendered 5794 -> 5656 (delta -138; mid_instances=16095)
6772,287369,5,visibility_drop,rendered 5656 -> 5611 (delta -45; mid_instances=16095)
6773,287379,5,visibility_drop,rendered 5611 -> 5576 (delta -35; mid_instances=16095)
6774,287397,5,visibility_drop,rendered 5576 -> 5548 (delta -28; mid_instances=16095)
6778,287452,5,visibility_drop,rendered 5544 -> 5515 (delta -29; mid_instances=16095)
6779,287464,5,visibility_drop,rendered 5515 -> 5487 (delta -28; mid_instances=16095)
6780,287483,5,visibility_drop,rendered 5487 -> 5459 (delta -28; mid_instances=16095)
6782,287510,5,visibility_drop,rendered 5455 -> 5432 (delta -23; mid_instances=16095)
6783,287521,5,visibility_drop,rendered 5432 -> 5426 (delta -6; mid_instances=16095)
6784,287540,5,visibility_drop,rendered 5426 -> 5411 (delta -15; mid_instances=16095)
6787,287578,5,visibility_drop,rendered 5411 -> 5385 (delta -26; mid_instances=16095)
6790,287622,5,visibility_drop,rendered 5384 -> 5370 (delta -14; mid_instances=16095)
6791,287633,5,visibility_drop,rendered 5370 -> 5340 (delta -30; mid_instances=16095)
6793,287662,5,visibility_drop,rendered 5335 -> 5315 (delta -20; mid_instances=16095)
6796,287764,5,visibility_drop,rendered 5312 -> 5198 (delta -114; mid_instances=16095)
6797,287775,5,visibility_drop,rendered 5198 -> 5138 (delta -60; mid_instances=16095)
6798,287792,5,visibility_drop,rendered 5138 -> 5098 (delta -40; mid_instances=16095)
6799,287804,5,visibility_drop,rendered 5098 -> 5092 (delta -6; mid_instances=16095)
6800,287821,5,visibility_drop,rendered 5092 -> 5042 (delta -50; mid_instances=16095)
6801,287834,5,visibility_drop,rendered 5042 -> 4977 (delta -65; mid_instances=16095)
6802,287851,5,visibility_drop,rendered 4977 -> 4932 (delta -45; mid_instances=16095)
6803,287862,5,visibility_drop,rendered 4932 -> 4917 (delta -15; mid_instances=16095)
6804,287879,5,visibility_drop,rendered 4917 -> 4843 (delta -74; mid_instances=16095)
6805,287889,5,visibility_drop,rendered 4843 -> 4822 (delta -21; mid_instances=16095)
6807,287915,5,visibility_drop,rendered 4822 -> 4816 (delta -6; mid_instances=16095)
6809,287944,5,visibility_drop,rendered 4812 -> 4797 (delta -15; mid_instances=16095)
6815,288027,5,visibility_drop,rendered 4778 -> 4761 (delta -17; mid_instances=16095)
6816,288046,5,visibility_drop,rendered 4761 -> 4727 (delta -34; mid_instances=16095)
6819,288083,5,visibility_drop,rendered 4727 -> 4721 (delta -6; mid_instances=16095)
6820,288099,5,visibility_drop,rendered 4721 -> 4696 (delta -25; mid_instances=16095)
6821,288109,5,visibility_drop,rendered 4696 -> 4670 (delta -26; mid_instances=16095)
6822,288125,5,visibility_drop,rendered 4670 -> 4622 (delta -48; mid_instances=16095)
6823,288135,5,visibility_drop,rendered 4622 -> 4616 (delta -6; mid_instances=16095)
6824,288152,5,visibility_drop,rendered 4616 -> 4592 (delta -24; mid_instances=16095)
6825,288162,5,visibility_drop,rendered 4592 -> 4540 (delta -52; mid_instances=16095)
6827,288189,5,visibility_drop,rendered 4541 -> 4521 (delta -20; mid_instances=16095)
6828,288206,5,visibility_drop,rendered 4521 -> 4486 (delta -35; mid_instances=16095)
6829,288216,5,visibility_drop,rendered 4486 -> 4450 (delta -36; mid_instances=16095)
6831,288242,5,visibility_drop,rendered 4451 -> 4440 (delta -11; mid_instances=16095)
6832,288258,5,visibility_drop,rendered 4440 -> 4426 (delta -14; mid_instances=16095)
6833,288268,5,visibility_drop,rendered 4426 -> 4411 (delta -15; mid_instances=16095)
6834,288286,5,visibility_drop,rendered 4411 -> 4321 (delta -90; mid_instances=16095)
6835,288296,5,visibility_drop,rendered 4321 -> 4276 (delta -45; mid_instances=16095)
6836,288312,5,visibility_drop,rendered 4276 -> 4201 (delta -75; mid_instances=16095)
6838,288338,5,visibility_drop,rendered 4200 -> 4193 (delta -7; mid_instances=16095)
6840,288426,5,visibility_drop,rendered 4192 -> 4173 (delta -19; mid_instances=16095)
6841,288438,5,visibility_drop,rendered 4173 -> 4048 (delta -125; mid_instances=16095)
6842,288454,5,visibility_drop,rendered 4048 -> 4003 (delta -45; mid_instances=16095)
6846,288535,5,visibility_drop,rendered 3997 -> 3978 (delta -19; mid_instances=16095)
6848,288561,5,visibility_drop,rendered 3978 -> 3963 (delta -15; mid_instances=16095)
6851,288595,5,visibility_drop,rendered 3963 -> 3952 (delta -11; mid_instances=16095)
6852,288612,5,visibility_drop,rendered 3952 -> 3918 (delta -34; mid_instances=16095)
6854,288638,5,visibility_drop,rendered 3917 -> 3908 (delta -9; mid_instances=16095)
6861,288726,5,visibility_drop,rendered 3908 -> 3902 (delta -6; mid_instances=16095)
6862,288742,5,visibility_drop,rendered 3902 -> 3867 (delta -35; mid_instances=16095)
6865,288776,5,visibility_drop,rendered 3867 -> 3861 (delta -6; mid_instances=16095)
6866,288790,5,visibility_drop,rendered 3861 -> 3847 (delta -14; mid_instances=16095)
6867,288799,5,visibility_drop,rendered 3847 -> 3836 (delta -11; mid_instances=16095)
6870,288842,5,visibility_drop,rendered 3836 -> 3817 (delta -19; mid_instances=16095)
6873,288874,5,visibility_drop,rendered 3812 -> 3801 (delta -11; mid_instances=16095)
6877,288921,5,visibility_drop,rendered 3802 -> 3781 (delta -21; mid_instances=16095)
6886,289093,5,visibility_drop,rendered 3781 -> 3772 (delta -9; mid_instances=16095)
6887,289101,5,visibility_drop,rendered 3772 -> 3749 (delta -23; mid_instances=16095)
6888,289116,5,visibility_drop,rendered 3749 -> 3737 (delta -12; mid_instances=16095)
6889,289125,5,visibility_drop,rendered 3737 -> 3726 (delta -11; mid_instances=16095)
6893,289173,5,visibility_drop,rendered 3727 -> 3716 (delta -11; mid_instances=16095)
6895,289197,5,visibility_drop,rendered 3717 -> 3701 (delta -16; mid_instances=16095)
6898,289237,5,visibility_drop,rendered 3702 -> 3693 (delta -9; mid_instances=16095)
6899,289247,5,visibility_drop,rendered 3693 -> 3687 (delta -6; mid_instances=16095)
6900,289264,5,visibility_drop,rendered 3687 -> 3675 (delta -12; mid_instances=16095)
6902,289288,5,visibility_drop,rendered 3675 -> 3665 (delta -10; mid_instances=16095)
6903,289297,5,visibility_drop,rendered 3665 -> 3659 (delta -6; mid_instances=16095)
6913,289422,5,visibility_drop,rendered 3655 -> 3614 (delta -41; mid_instances=16095)
6920,289510,5,visibility_drop,rendered 3609 -> 3509 (delta -100; mid_instances=16095)
6923,289542,5,visibility_drop,rendered 3509 -> 3503 (delta -6; mid_instances=16095)
6929,289613,5,visibility_drop,rendered 3504 -> 3488 (delta -16; mid_instances=16095)
6932,289653,5,visibility_drop,rendered 3488 -> 3474 (delta -14; mid_instances=16095)
6971,290155,5,visibility_drop,rendered 3464 -> 3450 (delta -14; mid_instances=16095)
6983,290292,5,visibility_drop,rendered 3446 -> 3432 (delta -14; mid_instances=16095)
6990,290439,5,visibility_drop,rendered 3432 -> 3423 (delta -9; mid_instances=16095)
6991,290448,5,visibility_drop,rendered 3423 -> 3413 (delta -10; mid_instances=16095)
7003,290586,5,visibility_drop,rendered 3410 -> 3246 (delta -164; mid_instances=16095)
7004,290602,5,visibility_drop,rendered 3246 -> 3219 (delta -27; mid_instances=16095)
7015,290717,5,visibility_drop,rendered 3207 -> 3181 (delta -26; mid_instances=16095)
7023,290810,5,visibility_drop,rendered 3172 -> 3166 (delta -6; mid_instances=16095)
7024,290825,5,visibility_drop,rendered 3166 -> 3158 (delta -8; mid_instances=16095)
7026,290846,5,visibility_drop,rendered 3157 -> 3133 (delta -24; mid_instances=16095)
7027,290855,5,visibility_drop,rendered 3133 -> 3127 (delta -6; mid_instances=16095)
7030,290892,5,visibility_drop,rendered 3127 -> 3116 (delta -11; mid_instances=16095)
7032,290917,5,cell_unloaded,(1; -3)
7032,290920,5,cell_unloaded,(-5; -3)
7032,290925,5,cell_unloaded,(-7; -4)
7032,290929,5,cell_unloaded,(3; -4)
7032,290933,5,cell_unloaded,(-6; -3)
7032,290937,5,cell_unloaded,(2; -3)
7034,291181,5,visibility_drop,rendered 3322 -> 3299 (delta -23; mid_instances=15994)
7035,291254,5,visibility_drop,rendered 3299 -> 3239 (delta -60; mid_instances=15709)
7036,291323,5,visibility_drop,rendered 3239 -> 3220 (delta -19; mid_instances=15709)
7038,291457,5,visibility_drop,rendered 3220 -> 3210 (delta -10; mid_instances=15074)
7039,291480,5,visibility_drop,rendered 3210 -> 3185 (delta -25; mid_instances=15074)
7041,291517,5,visibility_drop,rendered 3185 -> 3145 (delta -40; mid_instances=15074)
7043,291547,5,cell_loading,(-2; -15)
7044,291563,5,cell_loaded,(-2; -15) (0 objects)
7045,291581,5,cell_loading,(-1; -15)
7046,291591,5,cell_loaded,(-1; -15) (0 objects)
7047,291618,5,cell_loading,(0; -15)
7048,291683,5,visibility_drop,rendered 3131 -> 3055 (delta -76; mid_instances=15104)
7049,291703,5,visibility_drop,rendered 3055 -> 3049 (delta -6; mid_instances=15104)
7050,291775,5,visibility_drop,rendered 3049 -> 3035 (delta -14; mid_instances=15151)
7053,291877,5,visibility_drop,rendered 3030 -> 3015 (delta -15; mid_instances=15193)
7054,291895,5,cell_loaded,(0; -15) (0 objects)
7054,291901,5,visibility_drop,rendered 3015 -> 3009 (delta -6; mid_instances=15193)
7055,291915,5,cell_loading,(1; -15)
7055,291917,5,cell_loading,(2; -15)
7055,291919,5,visibility_drop,rendered 3009 -> 2953 (delta -56; mid_instances=15193)
7056,291987,5,visibility_drop,rendered 2953 -> 2945 (delta -8; mid_instances=15197)
7057,292053,5,visibility_drop,rendered 2945 -> 2924 (delta -21; mid_instances=15244)
7059,292187,5,visibility_drop,rendered 2924 -> 2897 (delta -27; mid_instances=15340)
7060,292204,5,cell_loaded,(2; -15) (0 objects)
7060,292258,5,visibility_drop,rendered 2897 -> 2881 (delta -16; mid_instances=15388)
7061,292275,5,cell_loading,(-7; -14)
7061,292321,5,visibility_drop,rendered 2881 -> 2872 (delta -9; mid_instances=15389)
7062,292338,5,cell_loaded,(1; -15) (0 objects)
7062,292348,5,visibility_drop,rendered 2872 -> 2862 (delta -10; mid_instances=15389)
7063,292356,5,cell_loaded,(-7; -14) (0 objects)
7063,292360,5,cell_loading,(3; -14)
7066,292564,5,visibility_drop,rendered 2875 -> 2869 (delta -6; mid_instances=15455)
7070,292783,5,cell_loaded,(3; -14) (0 objects)
7079,292990,5,visibility_drop,rendered 2864 -> 2858 (delta -6; mid_instances=15531)
7084,293056,5,visibility_drop,rendered 2938 -> 2918 (delta -20; mid_instances=15531)
7085,293064,5,visibility_drop,rendered 2918 -> 2912 (delta -6; mid_instances=15531)
7088,293100,5,visibility_drop,rendered 2912 -> 2900 (delta -12; mid_instances=15531)
7121,293456,5,visibility_drop,rendered 2895 -> 2620 (delta -275; mid_instances=15531)
7122,293469,5,visibility_drop,rendered 2620 -> 2603 (delta -17; mid_instances=15531)
7125,293497,5,visibility_drop,rendered 2603 -> 2597 (delta -6; mid_instances=15531)
7137,293673,5,visibility_drop,rendered 2598 -> 2592 (delta -6; mid_instances=15531)
7190,294276,5,visibility_drop,rendered 2595 -> 2586 (delta -9; mid_instances=15530)
7200,294380,5,visibility_drop,rendered 2580 -> 2571 (delta -9; mid_instances=15530)
7214,294601,5,visibility_drop,rendered 2570 -> 2556 (delta -14; mid_instances=15530)
7221,294666,5,visibility_drop,rendered 2556 -> 2546 (delta -10; mid_instances=15530)
7222,294679,5,visibility_drop,rendered 2546 -> 2537 (delta -9; mid_instances=15530)
7228,294740,5,visibility_drop,rendered 2536 -> 2502 (delta -34; mid_instances=15530)
7233,294789,5,visibility_drop,rendered 2498 -> 2488 (delta -10; mid_instances=15530)
7236,294823,5,visibility_drop,rendered 2488 -> 2464 (delta -24; mid_instances=15530)
7241,294870,5,visibility_drop,rendered 2464 -> 2454 (delta -10; mid_instances=15530)
7254,295003,5,visibility_drop,rendered 2455 -> 2447 (delta -8; mid_instances=15530)
7256,295024,5,visibility_drop,rendered 2446 -> 2412 (delta -34; mid_instances=15530)
7272,295235,5,visibility_drop,rendered 2406 -> 2149 (delta -257; mid_instances=15530)
7282,295383,5,visibility_drop,rendered 2152 -> 2145 (delta -7; mid_instances=15529)
7283,295392,5,visibility_drop,rendered 2145 -> 2139 (delta -6; mid_instances=15529)
7286,295423,5,visibility_drop,rendered 2147 -> 2118 (delta -29; mid_instances=15529)
7292,295483,5,visibility_drop,rendered 2117 -> 2110 (delta -7; mid_instances=15529)
7296,295523,5,visibility_drop,rendered 2109 -> 2080 (delta -29; mid_instances=15529)
7340,295945,5,visibility_drop,rendered 2072 -> 2064 (delta -8; mid_instances=15529)
7348,296074,5,visibility_drop,rendered 2059 -> 2042 (delta -17; mid_instances=15529)
7352,296114,5,visibility_drop,rendered 2041 -> 2027 (delta -14; mid_instances=15529)
7366,296247,5,visibility_drop,rendered 2041 -> 2007 (delta -34; mid_instances=15529)
7370,296282,5,visibility_drop,rendered 2006 -> 1992 (delta -14; mid_instances=15529)
7379,296365,5,visibility_drop,rendered 1992 -> 1981 (delta -11; mid_instances=15529)
7395,296518,5,visibility_drop,rendered 1988 -> 1982 (delta -6; mid_instances=15529)
7400,296568,5,visibility_drop,rendered 1982 -> 1948 (delta -34; mid_instances=15529)
7410,296663,5,visibility_drop,rendered 1947 -> 1937 (delta -10; mid_instances=15529)
7413,296742,5,visibility_drop,rendered 1941 -> 1910 (delta -31; mid_instances=15529)
7460,297179,5,visibility_drop,rendered 1909 -> 1901 (delta -8; mid_instances=15529)
7464,297217,5,visibility_drop,rendered 1900 -> 1892 (delta -8; mid_instances=15529)
7474,297311,5,visibility_drop,rendered 1891 -> 1874 (delta -17; mid_instances=15529)
7479,297409,5,visibility_drop,rendered 1881 -> 1866 (delta -15; mid_instances=15529)
7490,297516,5,visibility_drop,rendered 1863 -> 1855 (delta -8; mid_instances=15529)
7518,297771,5,visibility_drop,rendered 1853 -> 1844 (delta -9; mid_instances=15529)
7527,297895,5,visibility_drop,rendered 1844 -> 1838 (delta -6; mid_instances=15528)
7542,298037,5,visibility_drop,rendered 1842 -> 1834 (delta -8; mid_instances=15528)
7554,298144,5,visibility_drop,rendered 1835 -> 1827 (delta -8; mid_instances=15528)
7559,298189,5,visibility_drop,rendered 1831 -> 1821 (delta -10; mid_instances=15528)
7561,298211,5,visibility_drop,rendered 1822 -> 1812 (delta -10; mid_instances=15528)
7567,298266,5,visibility_drop,rendered 1813 -> 1803 (delta -10; mid_instances=15528)
7569,298285,5,visibility_drop,rendered 1804 -> 1798 (delta -6; mid_instances=15528)
7571,298303,5,visibility_drop,rendered 1799 -> 1790 (delta -9; mid_instances=15528)
7576,298353,5,visibility_drop,rendered 1790 -> 1782 (delta -8; mid_instances=15528)
7590,298481,5,visibility_drop,rendered 1781 -> 1762 (delta -19; mid_instances=15528)
7593,298505,5,visibility_drop,rendered 1762 -> 1751 (delta -11; mid_instances=15528)
7596,298597,5,visibility_drop,rendered 1746 -> 1737 (delta -9; mid_instances=15528)
7597,298603,5,visibility_drop,rendered 1737 -> 1731 (delta -6; mid_instances=15528)
7606,298689,5,visibility_drop,rendered 1731 -> 1723 (delta -8; mid_instances=15528)
7609,298720,5,cell_unloaded,(1; -4)
7609,298721,5,cell_unloaded,(-5; -4)
7609,298722,5,cell_unloaded,(2; -4)
7609,298723,5,cell_unloaded,(-6; -4)
7609,298724,5,cell_unloaded,(3; -5)
7609,298725,5,cell_unloaded,(-7; -5)
7609,298726,5,cell_unloaded,(-2; -3)
7609,298728,5,cell_unloaded,(-3; -3)
7609,298729,5,cell_unloaded,(-1; -3)
7609,298730,5,cell_unloaded,(0; -3)
7609,298731,5,cell_unloaded,(-4; -3)
7610,298866,5,visibility_drop,rendered 1722 -> 1651 (delta -71; mid_instances=15385)
7612,299572,5,visibility_drop,rendered 1651 -> 1623 (delta -28; mid_instances=15115)
7614,299815,5,visibility_drop,rendered 1624 -> 1605 (delta -19; mid_instances=15115)
7615,299847,5,cell_loading,(-1; -16)
7615,299847,5,cell_loading,(0; -16)
7616,299981,5,cell_loaded,(-1; -16) (0 objects)
7616,300025,5,visibility_drop,rendered 1604 -> 1520 (delta -84; mid_instances=15115)
7617,300046,5,cell_loaded,(0; -16) (0 objects)
7619,300158,5,cell_loading,(1; -16)
7619,300158,5,cell_loading,(2; -16)
7620,300212,5,cell_loaded,(1; -16) (0 objects)
7621,300219,5,cell_loaded,(2; -16) (0 objects)
7621,300222,5,cell_loading,(3; -15)
7622,300276,5,visibility_drop,rendered 1567 -> 1556 (delta -11; mid_instances=13764)
7625,300392,5,cell_loaded,(3; -15) (0 objects)
7639,300698,5,visibility_drop,rendered 1561 -> 1552 (delta -9; mid_instances=13824)
7642,300779,5,visibility_drop,rendered 1552 -> 1543 (delta -9; mid_instances=13824)
7649,300840,5,visibility_drop,rendered 1543 -> 1533 (delta -10; mid_instances=13824)
7664,300972,5,visibility_drop,rendered 1528 -> 1520 (delta -8; mid_instances=13824)
7697,301248,5,visibility_drop,rendered 1520 -> 1506 (delta -14; mid_instances=13824)
7714,301446,5,visibility_drop,rendered 1506 -> 1494 (delta -12; mid_instances=13824)
7716,301463,5,visibility_drop,rendered 1493 -> 1481 (delta -12; mid_instances=13824)
7722,301514,5,visibility_drop,rendered 1480 -> 1468 (delta -12; mid_instances=13824)
7731,301587,5,visibility_drop,rendered 1468 -> 1454 (delta -14; mid_instances=13824)
7733,301643,5,visibility_drop,rendered 1455 -> 1441 (delta -14; mid_instances=13824)
7740,301708,5,visibility_drop,rendered 1441 -> 1433 (delta -8; mid_instances=13824)
7748,301774,5,visibility_drop,rendered 1432 -> 1424 (delta -8; mid_instances=13824)
7754,301823,5,visibility_drop,rendered 1423 -> 1411 (delta -12; mid_instances=13824)
7759,301862,5,visibility_drop,rendered 1411 -> 1401 (delta -10; mid_instances=13824)
7760,301874,5,visibility_drop,rendered 1401 -> 1376 (delta -25; mid_instances=13824)
7762,301891,5,visibility_drop,rendered 1375 -> 1367 (delta -8; mid_instances=13824)
7765,301916,5,visibility_drop,rendered 1367 -> 1353 (delta -14; mid_instances=13824)
7772,301979,5,visibility_drop,rendered 1353 -> 1341 (delta -12; mid_instances=13824)
7778,302028,5,visibility_drop,rendered 1340 -> 1329 (delta -11; mid_instances=13824)
7807,302331,5,visibility_drop,rendered 1329 -> 1300 (delta -29; mid_instances=13824)
7809,302387,5,visibility_drop,rendered 1301 -> 1295 (delta -6; mid_instances=13824)
7812,302497,5,visibility_drop,rendered 1290 -> 1278 (delta -12; mid_instances=13824)
